loan_id,customer_id,loan_type,loan_amount,tenure_months,interest_rate,loan_status,disbursement_date
L200000,C100438,Auto,237139.41,12,15.05,Active,2026-04-24
L200001,C100721,Auto,490389.68,180,18.11,Active,2025-08-24
L200002,C100605,Personal,85129.65,60,10.44,Delinquent,2025-10-07
L200003,C100502,Personal,86069.75,48,18.3,Active,2026-06-09
L200004,C100415,Home,504862.51,48,8.98,Delinquent,2026-02-17
L200005,C100194,Personal,103105.37,12,13.74,Closed,2026-01-06
L200006,C100446,Personal,74775.06,60,8.67,Active,2025-10-24
L200007,C100174,Auto,436984.29,120,14.31,Delinquent,2025-07-31
L200008,C100667,Business,515964.4,180,14.81,Active,2026-05-10
L200009,C100776,Education,92397.34,24,12.75,Delinquent,2025-07-15
L200010,C100455,Home,956824.15,24,11.15,Active,2025-10-13
L200011,C100202,Business,294211.15,180,11.32,Active,2025-07-25
L200012,C100016,Auto,307929.49,36,15.11,Active,2025-09-13
L200013,C100793,Personal,184336.35,180,11.97,Active,2026-04-06
L200014,C100291,Personal,271860.31,120,12.79,Closed,2025-08-04
L200015,C100704,Auto,239392.8,48,12.84,Active,2025-10-01
L200016,C100566,Business,1147090.32,120,16.32,Active,2026-05-03
L200017,C100674,Auto,752546.28,60,11.74,Active,2025-10-19
L200018,C100762,Personal,104043.99,120,12.42,Active,2026-01-03
L200019,C100494,Personal,87610.63,36,15.1,Active,2026-01-29
L200020,C100509,Personal,98758.82,36,14.5,Active,2025-09-12
L200021,C100319,Education,699143.26,12,16.92,Active,2025-08-31
L200022,C100215,Consumer Durable,119545.39,60,17.32,Active,2025-07-21
L200023,C100075,Consumer Durable,17031.31,120,14.24,Active,2025-07-03
L200024,C100112,Auto,250696.88,120,15.58,Delinquent,2025-12-08
L200025,C100499,Home,728479.57,60,14.87,Closed,2025-12-31
L200026,C100148,Home,910936.6,180,11.26,Active,2025-07-21
L200027,C100151,Personal,92098.48,48,15.4,Closed,2026-04-29
L200028,C100510,Consumer Durable,104241.57,48,15.89,Active,2026-02-07
L200029,C100091,Personal,388202.2,48,12.76,Active,2025-10-20
L200030,C100666,Home,991141.65,24,18.71,Active,2025-09-18
L200031,C100277,Personal,161054.74,180,7.0,Active,2025-08-25
L200032,C100348,Personal,258078.73,48,12.16,Active,2026-01-15
L200033,C100331,Personal,83944.35,12,11.49,Active,2025-09-03
L200034,C100052,Home,947495.61,60,10.04,Active,2026-02-17
L200035,C100774,Consumer Durable,166984.1,60,11.31,Active,2025-11-26
L200036,C100201,Personal,155127.39,24,13.94,Active,2025-11-24
L200037,C100580,Auto,541038.13,12,15.92,Closed,2026-04-21
L200038,C100107,Consumer Durable,80258.1,180,15.25,Active,2026-02-01
L200039,C100478,Auto,981641.76,12,10.7,Delinquent,2025-09-03
L200040,C100128,Business,441740.0,60,12.56,Delinquent,2025-10-09
L200041,C100483,Home,796473.6,60,13.87,Active,2026-02-18
L200042,C100795,Business,148003.88,60,17.24,Active,2025-12-14
L200043,C100371,Home,814709.03,180,11.21,Active,2026-02-06
L200044,C100236,Consumer Durable,36634.09,36,16.03,Active,2025-07-16
L200045,C100338,Personal,207093.0,12,8.19,Closed,2025-10-29
L200046,C100371,Personal,58818.74,12,12.24,Delinquent,2026-03-31
L200047,C100734,Auto,988046.36,60,7.0,Closed,2026-05-28
L200048,C100125,Home,579995.44,36,11.28,Closed,2025-12-16
L200049,C100076,Personal,85229.12,48,18.6,Active,2025-10-03
L200050,C100170,Personal,82507.72,12,11.12,Closed,2025-07-30
L200051,C100705,Auto,816380.72,36,10.04,Active,2026-04-28
L200052,C100681,Consumer Durable,108927.17,24,15.34,Active,2025-12-12
L200053,C100323,Personal,73314.73,12,17.53,Closed,2025-12-08
L200054,C100512,Education,215460.68,24,8.95,Active,2025-09-23
L200055,C100031,Personal,40984.22,24,11.21,Closed,2026-04-07
L200056,C100284,Home,342318.04,36,15.12,Active,2025-09-29
L200057,C100555,Business,340682.62,180,14.49,Active,2026-05-06
L200058,C100406,Education,261396.58,120,15.07,Closed,2026-01-10
L200059,C100091,Home,687830.67,48,16.94,Active,2025-07-14
L200060,C100593,Home,636749.45,24,9.65,Closed,2026-03-01
L200061,C100292,Education,277761.24,60,15.77,Closed,2025-10-02
L200062,C100381,Personal,187571.08,36,23.45,Closed,2025-07-28
L200063,C100492,Business,433576.67,60,11.89,Closed,2026-03-18
L200064,C100297,Consumer Durable,44335.82,60,11.04,Active,2026-02-05
L200065,C100314,Consumer Durable,97486.39,12,12.81,Active,2025-07-15
L200066,C100447,Personal,120801.42,180,17.62,Active,2025-11-08
L200067,C100133,Personal,34059.62,48,12.09,Active,2025-10-14
L200068,C100038,Home,879000.37,12,7.6,Active,2026-01-16
L200069,C100407,Consumer Durable,77995.79,120,15.18,Closed,2026-02-24
L200070,C100040,Education,337782.35,36,19.49,Active,2025-11-17
L200071,C100362,Consumer Durable,225250.27,48,15.43,Active,2025-12-20
L200072,C100066,Consumer Durable,106496.68,36,11.61,Closed,2026-01-12
L200073,C100790,Consumer Durable,59876.39,48,12.12,Delinquent,2026-05-17
L200074,C100285,Personal,110759.78,120,16.85,Active,2025-12-27
L200075,C100222,Home,701207.3,60,11.02,Active,2025-11-24
L200076,C100494,Education,128941.26,24,13.0,Active,2026-06-05
L200077,C100163,Business,879843.73,180,13.13,Active,2025-08-21
L200078,C100403,Auto,1066174.48,120,13.26,Active,2026-01-04
L200079,C100578,Home,826649.1,60,9.33,Closed,2026-02-09
L200080,C100408,Personal,81819.23,48,12.94,Delinquent,2025-12-28
L200081,C100687,Personal,179345.56,12,10.63,Closed,2026-05-27
L200082,C100742,Consumer Durable,111194.09,120,9.72,Active,2026-01-31
L200083,C100167,Consumer Durable,55548.61,180,17.98,Active,2025-12-14
L200084,C100748,Personal,98919.89,60,14.86,Active,2025-08-15
L200085,C100140,Personal,177043.79,180,12.29,Active,2025-12-11
L200086,C100683,Education,235373.98,36,9.94,Active,2026-04-28
L200087,C100283,Education,133596.63,120,9.52,Active,2025-11-27
L200088,C100556,Personal,112604.39,120,10.3,Delinquent,2026-03-29
L200089,C100418,Home,1209882.03,24,9.7,Closed,2025-08-14
L200090,C100147,Personal,274322.96,36,16.53,Delinquent,2025-12-14
L200091,C100126,Home,660343.38,48,12.16,Active,2026-02-27
L200092,C100740,Consumer Durable,68436.79,180,15.99,Delinquent,2026-04-10
L200093,C100541,Auto,138667.78,120,9.14,Active,2026-04-09
L200094,C100563,Education,324146.89,48,14.51,Active,2026-05-02
L200095,C100689,Auto,364201.89,60,10.26,Closed,2025-07-09
L200096,C100636,Education,66367.73,12,13.87,Active,2025-07-23
L200097,C100564,Personal,484433.24,12,17.61,Active,2025-07-14
L200098,C100225,Education,584390.76,60,10.95,Active,2026-05-26
L200099,C100790,Home,409128.7,48,16.0,Closed,2025-07-03
L200100,C100071,Personal,285579.18,180,20.14,Active,2025-10-13
L200101,C100378,Auto,1698426.45,48,13.34,Active,2025-10-16
L200102,C100079,Personal,123674.39,24,11.42,Active,2026-03-17
L200103,C100162,Home,1290768.24,120,11.88,Active,2026-03-18
L200104,C100562,Business,415863.48,180,11.65,Active,2026-01-20
L200105,C100787,Home,583430.84,36,13.22,Active,2026-05-20
L200106,C100352,Personal,188538.35,48,11.9,Active,2026-06-24
L200107,C100152,Personal,203358.22,180,16.14,Closed,2026-04-20
L200108,C100009,Education,285780.28,36,16.06,Active,2025-08-13
L200109,C100208,Personal,66216.3,36,7.0,Closed,2025-12-16
L200110,C100473,Personal,59801.69,180,17.29,Active,2025-12-16
L200111,C100344,Consumer Durable,71540.5,48,13.67,Active,2025-08-04
L200112,C100305,Consumer Durable,170609.53,36,7.0,Active,2026-04-04
L200113,C100311,Consumer Durable,105194.14,36,13.35,Delinquent,2025-07-06
L200114,C100459,Business,138492.55,180,17.22,Active,2026-05-01
L200115,C100162,Auto,150189.66,120,11.87,Active,2026-06-27
L200116,C100339,Personal,341498.97,12,14.48,Closed,2025-09-10
L200117,C100148,Personal,90120.26,60,10.01,Delinquent,2026-03-27
L200118,C100461,Education,156424.75,48,15.36,Closed,2026-04-04
L200119,C100750,Personal,177863.34,24,8.35,Closed,2025-07-21
L200120,C100143,Consumer Durable,36596.94,48,9.86,Closed,2025-11-13
L200121,C100194,Auto,135868.23,48,10.54,Delinquent,2025-07-17
L200122,C100218,Personal,135796.46,60,14.57,Closed,2025-11-15
L200123,C100526,Auto,269757.07,24,13.34,Closed,2025-10-03
L200124,C100313,Auto,153317.67,120,15.49,Active,2026-06-20
L200125,C100083,Business,427479.74,60,11.6,Active,2025-09-02
L200126,C100651,Education,285656.01,120,10.24,Closed,2026-02-02
L200127,C100277,Personal,102870.83,36,19.44,Closed,2025-12-13
L200128,C100625,Personal,97173.11,36,12.82,Active,2026-02-17
L200129,C100680,Personal,180840.62,60,13.7,Closed,2026-02-12
L200130,C100570,Personal,103472.53,24,9.46,Closed,2025-09-09
L200131,C100577,Auto,117456.49,60,9.89,Closed,2025-08-28
L200132,C100628,Business,533929.22,12,13.91,Closed,2026-04-18
L200133,C100089,Personal,208333.63,48,14.51,Delinquent,2026-03-21
L200134,C100011,Auto,641522.47,24,9.87,Active,2025-09-17
L200135,C100561,Consumer Durable,50197.96,24,10.85,Closed,2025-08-02
L200136,C100580,Business,1644011.16,120,12.51,Delinquent,2025-11-12
L200137,C100233,Business,305451.63,36,16.35,Active,2025-12-10
L200138,C100553,Home,313916.79,12,11.98,Closed,2025-08-20
L200139,C100484,Auto,154850.17,24,18.0,Active,2025-07-09
L200140,C100534,Home,711995.78,60,15.33,Active,2025-07-09
L200141,C100068,Personal,155474.44,48,17.41,Closed,2025-09-15
L200142,C100112,Education,215187.03,60,12.73,Default,2026-04-08
L200143,C100334,Personal,625606.17,120,13.69,Active,2026-03-25
L200144,C100798,Education,926950.78,12,10.83,Closed,2025-11-21
L200145,C100574,Personal,96048.01,60,12.99,Closed,2026-05-12
L200146,C100595,Home,623391.03,36,14.32,Closed,2025-11-13
L200147,C100121,Business,1026023.07,24,9.39,Active,2025-10-28
L200148,C100126,Auto,203061.38,48,11.73,Delinquent,2025-10-24
L200149,C100265,Personal,313690.51,24,13.31,Delinquent,2025-12-30
L200150,C100310,Personal,194892.92,180,12.24,Active,2026-06-29
L200151,C100553,Business,208931.89,180,7.97,Active,2026-03-09
L200152,C100098,Home,1847041.06,60,14.06,Active,2026-02-17
L200153,C100473,Education,190517.04,36,12.53,Delinquent,2026-03-02
L200154,C100740,Consumer Durable,49432.94,36,9.52,Closed,2025-11-11
L200155,C100300,Personal,231752.47,12,13.76,Delinquent,2026-03-02
L200156,C100486,Personal,236346.49,60,11.09,Active,2025-08-03
L200157,C100588,Personal,101541.77,120,11.42,Delinquent,2026-03-10
L200158,C100223,Business,192285.32,60,16.83,Active,2026-01-14
L200159,C100194,Personal,76626.33,120,10.0,Closed,2026-02-21
L200160,C100712,Personal,217531.45,48,15.43,Active,2026-04-14
L200161,C100489,Consumer Durable,72925.78,36,13.57,Default,2026-04-27
L200162,C100648,Home,1258303.1,48,14.39,Closed,2025-09-18
L200163,C100263,Business,1768832.51,60,13.59,Closed,2025-10-04
L200164,C100655,Personal,40892.17,48,15.83,Default,2025-08-10
L200165,C100359,Home,1420187.15,180,13.17,Closed,2026-02-13
L200166,C100356,Personal,91095.74,12,11.05,Active,2025-11-12
L200167,C100288,Auto,394581.55,36,13.62,Active,2025-10-05
L200168,C100402,Personal,243845.07,60,12.89,Active,2026-01-20
L200169,C100175,Consumer Durable,77100.23,24,12.81,Active,2025-12-02
L200170,C100374,Home,658989.8,36,14.37,Active,2026-06-13
L200171,C100175,Education,322182.24,60,16.92,Active,2026-03-27
L200172,C100729,Personal,33936.01,12,14.02,Active,2025-10-23
L200173,C100737,Education,285649.08,12,16.38,Active,2026-04-08
L200174,C100569,Auto,505695.34,36,10.21,Active,2025-12-16
L200175,C100041,Auto,452460.57,60,13.08,Active,2026-03-26
L200176,C100670,Consumer Durable,195078.35,120,17.45,Active,2025-08-18
L200177,C100169,Home,3613455.65,12,11.56,Closed,2026-05-16
L200178,C100249,Personal,53832.24,36,13.3,Closed,2026-05-28
L200179,C100048,Education,154749.96,48,8.37,Delinquent,2026-02-24
L200180,C100000,Business,525108.47,120,15.77,Active,2026-04-14
L200181,C100211,Auto,141357.25,24,14.45,Closed,2025-08-08
L200182,C100120,Business,325099.24,60,10.45,Closed,2026-05-18
L200183,C100758,Home,563915.54,48,10.69,Closed,2025-10-10
L200184,C100628,Personal,59854.37,48,16.07,Delinquent,2025-12-02
L200185,C100702,Education,317384.07,12,10.74,Delinquent,2026-01-17
L200186,C100762,Personal,39857.3,36,15.32,Active,2026-03-20
L200187,C100675,Home,646574.56,180,16.83,Active,2025-08-20
L200188,C100204,Personal,65567.09,180,13.62,Active,2026-03-27
L200189,C100564,Consumer Durable,260864.44,60,16.78,Delinquent,2026-02-10
L200190,C100373,Business,461561.84,24,15.82,Active,2026-05-25
L200191,C100373,Consumer Durable,67084.15,120,11.84,Active,2026-05-07
L200192,C100096,Consumer Durable,94845.78,12,12.67,Active,2025-08-24
L200193,C100679,Business,703119.0,48,14.28,Active,2026-06-22
L200194,C100762,Personal,76757.54,36,17.51,Closed,2026-04-30
L200195,C100433,Business,606902.78,180,7.41,Written Off,2025-09-19
L200196,C100399,Education,371780.47,180,9.79,Closed,2026-01-04
L200197,C100375,Auto,328859.31,180,10.3,Closed,2026-04-22
L200198,C100273,Business,743519.51,36,11.26,Active,2026-05-06
L200199,C100069,Auto,417176.11,120,17.37,Active,2026-03-06
L200200,C100791,Home,2093752.51,180,16.64,Default,2025-09-22
L200201,C100379,Auto,167228.43,12,12.44,Active,2026-05-16
L200202,C100706,Personal,147468.7,120,8.17,Active,2025-10-29
L200203,C100278,Home,204152.92,24,11.92,Active,2025-11-25
L200204,C100440,Auto,616596.11,180,15.2,Active,2025-08-12
L200205,C100254,Home,828724.79,60,13.42,Active,2026-02-03
L200206,C100402,Education,172687.49,180,20.86,Active,2025-11-20
L200207,C100507,Personal,279850.06,120,11.5,Active,2025-09-15
L200208,C100245,Education,614626.82,180,12.32,Active,2025-12-23
L200209,C100709,Personal,52394.73,180,14.92,Active,2025-09-07
L200210,C100069,Personal,118301.08,36,15.51,Active,2025-10-15
L200211,C100479,Consumer Durable,131613.89,24,14.33,Active,2025-11-22
L200212,C100615,Consumer Durable,37807.63,180,7.82,Active,2025-12-29
L200213,C100268,Home,355695.09,180,10.53,Active,2026-01-06
L200214,C100317,Personal,104765.23,120,14.77,Active,2025-07-06
L200215,C100455,Business,443670.51,180,11.9,Active,2026-02-09
L200216,C100531,Business,273796.47,24,21.68,Active,2026-06-27
L200217,C100047,Home,2179672.95,48,16.45,Active,2025-09-29
L200218,C100560,Home,559998.99,60,13.03,Closed,2026-02-27
L200219,C100108,Business,650375.39,12,13.86,Default,2025-11-15
L200220,C100722,Consumer Durable,88157.58,48,13.23,Closed,2026-04-07
L200221,C100440,Business,841133.18,180,10.45,Active,2025-10-24
L200222,C100312,Personal,116978.24,36,11.46,Active,2025-12-15
L200223,C100263,Personal,298462.24,12,7.33,Active,2025-10-12
L200224,C100257,Home,1758075.98,48,12.2,Closed,2026-04-18
L200225,C100096,Consumer Durable,96873.54,48,7.0,Closed,2026-06-22
L200226,C100034,Personal,95589.01,12,8.17,Active,2025-08-31
L200227,C100184,Auto,1701251.3,36,13.55,Closed,2025-11-10
L200228,C100672,Consumer Durable,214277.44,12,13.27,Active,2026-02-28
L200229,C100783,Auto,292740.94,180,9.37,Active,2025-11-22
L200230,C100160,Consumer Durable,167963.79,180,18.03,Closed,2026-04-29
L200231,C100000,Personal,128488.73,12,16.26,Active,2026-01-12
L200232,C100674,Home,1039667.96,120,14.55,Closed,2025-07-04
L200233,C100063,Personal,64201.21,12,19.5,Active,2026-02-13
L200234,C100728,Personal,171474.0,12,11.8,Active,2026-03-08
L200235,C100684,Business,95115.39,120,9.59,Delinquent,2026-02-20
L200236,C100127,Personal,35721.73,120,11.9,Active,2025-10-15
L200237,C100591,Auto,745421.18,180,15.37,Active,2025-11-30
L200238,C100593,Education,150563.97,24,17.3,Active,2026-01-10
L200239,C100333,Home,357954.78,12,17.31,Closed,2026-01-22
L200240,C100021,Personal,137966.11,120,7.0,Active,2026-06-19
L200241,C100010,Personal,65844.86,48,10.31,Closed,2026-06-30
L200242,C100700,Auto,315706.5,180,15.4,Closed,2025-07-02
L200243,C100279,Business,230497.4,180,7.0,Active,2026-01-07
L200244,C100165,Auto,188120.6,48,14.16,Delinquent,2026-02-16
L200245,C100466,Home,1482212.88,48,14.24,Active,2026-02-07
L200246,C100223,Home,729033.63,48,16.06,Delinquent,2026-04-17
L200247,C100090,Business,589474.92,36,13.54,Closed,2026-03-21
L200248,C100554,Consumer Durable,88268.49,36,13.51,Active,2025-11-23
L200249,C100023,Business,1890755.14,180,10.93,Delinquent,2026-05-03
L200250,C100554,Personal,175214.47,12,19.02,Active,2025-07-09
L200251,C100000,Home,546723.08,24,11.68,Active,2025-07-05
L200252,C100366,Personal,22493.34,24,13.01,Active,2026-06-18
L200253,C100472,Personal,29887.16,12,13.51,Active,2025-11-25
L200254,C100491,Personal,100424.65,180,10.03,Active,2025-10-09
L200255,C100205,Auto,813892.15,180,7.17,Delinquent,2026-04-05
L200256,C100073,Personal,49182.87,48,12.03,Closed,2025-12-07
L200257,C100021,Consumer Durable,119779.78,60,13.24,Active,2026-04-06
L200258,C100761,Education,311605.01,48,13.55,Active,2025-10-27
L200259,C100315,Auto,432185.84,24,8.31,Active,2026-06-07
L200260,C100523,Auto,1399915.77,36,10.58,Closed,2026-03-12
L200261,C100490,Consumer Durable,112960.47,24,11.38,Active,2026-01-11
L200262,C100272,Home,551827.59,60,14.78,Active,2025-11-01
L200263,C100354,Personal,130641.6,12,12.06,Closed,2026-06-09
L200264,C100057,Consumer Durable,43235.29,180,15.9,Delinquent,2025-11-09
L200265,C100472,Auto,103107.3,48,11.58,Delinquent,2025-11-18
L200266,C100688,Auto,211306.48,48,9.37,Closed,2025-12-28
L200267,C100024,Personal,84011.59,36,12.78,Delinquent,2026-03-22
L200268,C100260,Consumer Durable,94480.02,36,11.09,Active,2025-07-03
L200269,C100451,Auto,236320.14,48,14.59,Active,2026-04-25
L200270,C100710,Education,328995.98,48,11.55,Closed,2025-12-20
L200271,C100068,Business,788749.27,60,12.55,Active,2026-01-03
L200272,C100630,Home,242220.71,180,18.0,Active,2026-05-05
L200273,C100628,Personal,67136.32,48,14.9,Active,2025-10-31
L200274,C100300,Auto,408826.08,48,8.96,Delinquent,2026-04-21
L200275,C100738,Personal,275005.92,60,16.87,Active,2026-01-18
L200276,C100094,Home,801418.35,24,15.29,Closed,2025-08-12
L200277,C100120,Auto,294122.62,60,12.79,Active,2026-04-11
L200278,C100444,Home,474731.84,24,15.07,Delinquent,2025-08-26
L200279,C100742,Personal,357693.57,24,10.84,Closed,2025-09-03
L200280,C100492,Consumer Durable,75686.18,12,15.86,Delinquent,2025-08-24
L200281,C100276,Personal,112852.37,36,13.91,Active,2026-02-11
L200282,C100265,Auto,262219.23,12,11.86,Active,2026-04-01
L200283,C100700,Education,339335.5,180,13.13,Closed,2026-01-26
L200284,C100633,Auto,497790.36,12,12.74,Active,2026-03-01
L200285,C100696,Education,485326.94,60,14.93,Active,2026-05-14
L200286,C100046,Personal,275881.25,12,11.06,Active,2026-06-24
L200287,C100560,Personal,68408.83,60,12.01,Active,2025-09-21
L200288,C100363,Home,3153805.07,12,12.68,Closed,2026-04-01
L200289,C100346,Consumer Durable,87600.76,60,17.85,Default,2026-03-12
L200290,C100604,Home,438812.22,36,8.4,Active,2026-03-22
L200291,C100579,Auto,456231.3,36,14.4,Active,2025-12-21
L200292,C100313,Home,560690.54,24,10.22,Active,2026-02-01
L200293,C100098,Personal,103885.31,120,12.43,Active,2026-03-12
L200294,C100450,Education,375224.11,12,13.1,Default,2026-03-07
L200295,C100148,Auto,133280.86,24,13.16,Active,2026-01-05
L200296,C100022,Education,116200.84,24,15.34,Closed,2026-06-26
L200297,C100675,Home,878596.19,48,15.53,Closed,2025-12-13
L200298,C100699,Home,933635.6,24,7.46,Closed,2026-04-14
L200299,C100469,Personal,247815.61,120,14.04,Active,2026-04-05
L200300,C100299,Personal,156393.16,120,8.16,Active,2026-01-06
L200301,C100645,Consumer Durable,134190.59,24,9.49,Closed,2026-04-17
L200302,C100198,Consumer Durable,71523.81,180,13.26,Active,2025-09-01
L200303,C100008,Auto,421898.22,48,16.17,Active,2025-08-30
L200304,C100006,Home,480987.37,36,11.9,Delinquent,2026-05-16
L200305,C100616,Consumer Durable,97697.05,24,13.23,Delinquent,2026-01-13
L200306,C100373,Auto,196751.45,36,14.84,Default,2026-03-16
L200307,C100709,Personal,45515.65,60,11.29,Active,2026-03-12
L200308,C100313,Personal,42205.51,60,8.56,Active,2026-06-18
L200309,C100782,Consumer Durable,55017.47,180,16.85,Delinquent,2025-12-30
L200310,C100410,Consumer Durable,109341.28,12,16.93,Active,2025-07-26
L200311,C100530,Personal,197762.08,60,12.01,Active,2026-02-24
L200312,C100347,Personal,48747.05,120,14.77,Active,2026-01-27
L200313,C100324,Personal,302041.51,180,11.21,Active,2025-07-09
L200314,C100438,Personal,55169.11,180,14.3,Active,2026-03-21
L200315,C100077,Education,290644.96,36,10.89,Active,2026-05-31
L200316,C100482,Personal,238481.49,36,19.23,Active,2026-05-25
L200317,C100138,Personal,95189.2,180,9.69,Delinquent,2025-07-28
L200318,C100623,Personal,239158.77,24,13.82,Active,2025-10-15
L200319,C100090,Home,573349.94,36,14.53,Active,2026-05-21
L200320,C100267,Personal,99172.39,180,9.09,Active,2025-10-17
L200321,C100234,Personal,84344.85,120,16.24,Delinquent,2026-01-24
L200322,C100695,Auto,365555.18,12,10.84,Closed,2025-12-06
L200323,C100758,Education,327188.93,12,15.63,Closed,2026-04-29
L200324,C100301,Home,3072078.99,24,13.73,Active,2025-10-31
L200325,C100690,Personal,105248.24,60,9.64,Active,2026-02-15
L200326,C100788,Personal,447176.2,48,10.25,Active,2026-04-28
L200327,C100390,Auto,327394.5,24,12.61,Closed,2025-11-15
L200328,C100663,Personal,294924.52,180,13.77,Delinquent,2026-01-14
L200329,C100227,Consumer Durable,51215.74,36,13.83,Delinquent,2025-08-26
L200330,C100561,Home,233794.61,180,13.96,Active,2025-09-07
L200331,C100645,Business,462313.3,12,18.97,Active,2025-09-29
L200332,C100616,Home,1318614.11,36,12.65,Closed,2025-12-26
L200333,C100035,Consumer Durable,29044.72,36,7.0,Closed,2026-04-11
L200334,C100126,Business,356355.48,180,11.02,Closed,2026-02-04
L200335,C100623,Auto,593578.45,24,9.46,Active,2026-05-05
L200336,C100274,Business,537964.34,180,12.95,Active,2026-02-17
L200337,C100149,Business,448178.44,120,8.44,Active,2026-01-04
L200338,C100684,Personal,47355.45,24,12.13,Active,2025-10-16
L200339,C100092,Home,708035.13,36,10.97,Default,2025-10-21
L200340,C100629,Education,212251.11,24,10.67,Active,2025-08-30
L200341,C100249,Home,402748.65,12,14.79,Closed,2026-05-29
L200342,C100100,Home,503268.82,180,13.92,Active,2025-09-23
L200343,C100294,Auto,283629.24,180,13.94,Active,2026-03-13
L200344,C100172,Auto,598539.95,120,13.67,Active,2025-09-18
L200345,C100679,Consumer Durable,94616.95,60,7.0,Default,2026-04-22
L200346,C100029,Consumer Durable,154064.53,12,13.52,Active,2025-07-25
L200347,C100196,Consumer Durable,37372.58,24,16.0,Closed,2025-12-07
L200348,C100357,Education,458936.42,180,15.92,Closed,2026-04-21
L200349,C100751,Education,122542.9,180,10.42,Active,2025-12-21
L200350,C100783,Home,831198.07,12,9.08,Closed,2025-11-21
L200351,C100688,Personal,78987.45,36,15.47,Written Off,2026-06-06
L200352,C100712,Business,1155929.14,12,12.47,Active,2026-05-28
L200353,C100722,Consumer Durable,124912.79,24,13.95,Active,2025-12-12
L200354,C100681,Education,622528.69,60,12.8,Default,2025-09-15
L200355,C100086,Home,585948.23,48,16.54,Active,2025-07-02
L200356,C100009,Home,822442.44,180,11.23,Delinquent,2025-09-21
L200357,C100495,Education,265648.61,60,9.54,Active,2026-01-27
L200358,C100052,Home,1913218.32,48,14.86,Closed,2026-05-05
L200359,C100505,Consumer Durable,50852.17,36,14.48,Active,2026-03-28
L200360,C100387,Auto,309256.17,36,11.59,Active,2025-10-30
L200361,C100433,Auto,742860.21,48,15.71,Active,2025-12-20
L200362,C100225,Education,806475.69,12,12.87,Closed,2026-04-02
L200363,C100211,Personal,35791.18,24,16.56,Delinquent,2025-10-26
L200364,C100144,Home,3494710.31,12,12.65,Closed,2026-01-07
L200365,C100021,Consumer Durable,224613.25,24,12.6,Active,2025-08-19
L200366,C100160,Home,1881184.45,48,9.48,Active,2025-10-10
L200367,C100560,Auto,179804.23,48,15.37,Active,2025-09-30
L200368,C100400,Auto,122895.01,24,10.94,Active,2025-07-02
L200369,C100601,Auto,200962.5,36,17.15,Active,2025-09-02
L200370,C100358,Personal,36937.39,24,15.0,Active,2026-02-04
L200371,C100402,Auto,203117.57,60,10.77,Active,2026-02-05
L200372,C100427,Home,335615.7,24,16.28,Delinquent,2025-08-27
L200373,C100441,Consumer Durable,71891.28,180,14.72,Delinquent,2026-03-07
L200374,C100323,Business,523203.07,60,8.2,Active,2025-09-16
L200375,C100713,Business,292286.81,180,12.58,Active,2026-01-03
L200376,C100304,Auto,448262.24,36,10.81,Active,2025-12-23
L200377,C100394,Home,860404.21,180,13.66,Active,2025-10-22
L200378,C100152,Education,340585.15,180,16.31,Closed,2025-07-24
L200379,C100341,Auto,248736.24,24,16.83,Delinquent,2026-04-14
L200380,C100228,Auto,177019.77,36,12.44,Active,2025-10-16
L200381,C100307,Auto,553231.66,60,7.0,Active,2026-05-13
L200382,C100560,Consumer Durable,37380.65,180,17.18,Closed,2026-04-20
L200383,C100728,Personal,174056.14,48,10.71,Active,2025-09-08
L200384,C100010,Personal,59035.57,24,15.88,Active,2026-05-08
L200385,C100652,Education,139849.72,180,11.77,Active,2025-08-17
L200386,C100297,Auto,189956.51,60,12.53,Active,2026-06-21
L200387,C100393,Personal,103219.93,60,12.33,Active,2025-12-10
L200388,C100664,Business,758264.58,36,14.93,Closed,2026-06-24
L200389,C100524,Personal,138678.96,60,14.08,Active,2026-02-17
L200390,C100684,Home,207850.66,36,9.76,Active,2026-06-14
L200391,C100425,Home,666190.64,24,12.82,Active,2025-10-08
L200392,C100327,Auto,92794.1,180,18.48,Active,2025-10-31
L200393,C100756,Auto,397456.04,60,18.15,Active,2025-07-19
L200394,C100669,Home,1238264.64,48,12.0,Active,2026-06-15
L200395,C100313,Home,661679.24,180,10.71,Delinquent,2025-10-09
L200396,C100799,Home,742679.85,120,13.03,Active,2026-06-09
L200397,C100210,Home,3115515.17,36,19.52,Active,2025-08-24
L200398,C100680,Business,754250.34,12,12.52,Active,2025-07-11
L200399,C100758,Consumer Durable,47774.45,120,15.21,Active,2025-10-23
L200400,C100048,Personal,85377.19,60,11.54,Delinquent,2025-08-02
L200401,C100454,Consumer Durable,87917.09,12,13.37,Active,2026-01-18
L200402,C100614,Home,1395146.99,180,10.57,Active,2026-03-12
L200403,C100454,Home,665758.51,48,14.48,Active,2025-08-22
L200404,C100589,Business,511587.43,120,18.95,Active,2026-01-10
L200405,C100106,Business,210854.87,48,15.56,Active,2025-09-08
L200406,C100491,Business,705274.94,12,13.59,Default,2026-05-06
L200407,C100710,Business,376358.53,120,15.43,Active,2026-03-17
L200408,C100187,Auto,327206.76,12,13.25,Written Off,2026-04-01
L200409,C100018,Personal,53716.99,48,10.74,Active,2026-05-05
L200410,C100660,Home,338003.35,60,19.7,Active,2026-06-21
L200411,C100268,Auto,245108.31,120,13.19,Active,2025-11-19
L200412,C100068,Personal,148277.45,48,17.45,Delinquent,2025-09-06
L200413,C100474,Auto,375447.47,36,8.91,Active,2026-05-14
L200414,C100566,Auto,567687.51,180,15.83,Active,2026-04-30
L200415,C100145,Home,1628952.03,24,12.59,Closed,2026-04-29
L200416,C100315,Auto,448655.48,12,13.72,Closed,2026-03-09
L200417,C100280,Personal,108717.19,180,11.99,Active,2026-03-24
L200418,C100708,Auto,2129151.07,180,12.62,Active,2026-05-25
L200419,C100745,Auto,1034556.91,12,17.35,Closed,2026-05-03
L200420,C100198,Personal,157260.91,24,12.46,Active,2025-10-07
L200421,C100759,Business,237249.27,36,12.91,Active,2025-08-02
L200422,C100760,Home,1029669.84,60,12.89,Active,2025-12-18
L200423,C100071,Personal,317716.1,48,13.03,Active,2025-08-07
L200424,C100117,Auto,319313.6,120,9.97,Active,2026-01-04
L200425,C100517,Personal,133836.79,12,9.06,Active,2026-01-04
L200426,C100298,Education,328172.87,60,12.21,Closed,2026-06-08
L200427,C100531,Auto,137208.72,24,16.87,Closed,2025-12-19
L200428,C100413,Personal,86166.08,48,12.59,Delinquent,2025-10-06
L200429,C100280,Home,435742.93,120,12.4,Active,2026-04-24
L200430,C100072,Education,148057.87,36,14.78,Closed,2025-10-29
L200431,C100753,Personal,51673.26,48,11.68,Active,2025-12-23
L200432,C100293,Personal,122089.06,180,15.63,Active,2025-08-19
L200433,C100457,Business,396376.63,60,13.79,Active,2026-01-23
L200434,C100661,Personal,90155.92,36,13.4,Active,2026-01-20
L200435,C100580,Auto,661349.49,12,13.78,Written Off,2026-03-30
L200436,C100218,Education,144929.36,36,11.79,Active,2025-12-06
L200437,C100514,Personal,36047.02,48,15.46,Closed,2026-06-29
L200438,C100698,Business,266290.36,120,7.0,Active,2025-09-26
L200439,C100662,Personal,194508.61,24,9.16,Active,2026-03-09
L200440,C100501,Home,848083.16,48,14.64,Active,2025-11-26
L200441,C100347,Business,133290.39,60,7.5,Closed,2025-07-06
L200442,C100540,Personal,101590.05,120,13.44,Closed,2026-05-28
L200443,C100000,Auto,336894.02,60,13.39,Closed,2025-07-16
L200444,C100780,Business,1465599.62,24,7.32,Default,2026-03-06
L200445,C100005,Personal,110447.57,36,11.38,Active,2026-05-04
L200446,C100406,Home,625176.96,24,17.7,Closed,2025-08-03
L200447,C100079,Education,277414.54,48,15.37,Active,2026-04-01
L200448,C100659,Personal,30107.42,48,15.32,Active,2025-12-26
L200449,C100595,Education,395280.7,60,12.1,Active,2025-09-24
L200450,C100536,Home,1577567.19,12,14.72,Delinquent,2025-07-11
L200451,C100020,Auto,171063.17,24,11.83,Active,2026-02-09
L200452,C100735,Business,978001.78,48,12.46,Closed,2026-01-16
L200453,C100505,Education,125651.66,12,17.8,Closed,2025-11-05
L200454,C100073,Business,268664.26,12,18.09,Closed,2026-06-28
L200455,C100065,Home,160964.31,180,15.46,Active,2026-06-13
L200456,C100688,Home,440005.86,12,11.43,Active,2025-12-23
L200457,C100781,Home,1310814.76,120,11.04,Delinquent,2026-03-14
L200458,C100026,Business,875145.03,36,11.64,Active,2025-07-11
L200459,C100056,Auto,769180.74,60,13.08,Active,2026-05-26
L200460,C100219,Auto,1577635.96,60,15.89,Active,2026-02-19
L200461,C100239,Personal,67588.74,120,16.61,Active,2026-04-25
L200462,C100035,Auto,155000.42,48,15.74,Delinquent,2026-04-04
L200463,C100274,Home,153475.78,36,13.06,Closed,2026-05-19
L200464,C100130,Personal,32842.29,120,16.81,Active,2026-05-15
L200465,C100674,Auto,419989.68,12,20.09,Active,2026-05-17
L200466,C100511,Home,835538.24,12,8.13,Closed,2025-07-10
L200467,C100195,Personal,72589.2,12,16.25,Active,2026-01-20
L200468,C100451,Personal,72776.67,60,13.6,Delinquent,2025-08-30
L200469,C100537,Business,414375.56,60,14.99,Delinquent,2025-11-16
L200470,C100386,Personal,251748.96,48,13.38,Delinquent,2026-03-01
L200471,C100501,Auto,527227.32,24,14.47,Active,2026-04-26
L200472,C100360,Home,470643.76,12,11.57,Active,2025-09-24
L200473,C100779,Personal,72897.5,180,12.49,Closed,2026-05-02
L200474,C100756,Auto,245785.22,120,13.32,Delinquent,2026-05-07
L200475,C100326,Auto,799942.51,48,17.58,Delinquent,2025-08-14
L200476,C100297,Consumer Durable,44108.49,48,12.62,Delinquent,2025-07-08
L200477,C100348,Consumer Durable,129675.13,36,14.34,Active,2026-02-13
L200478,C100714,Auto,635094.09,36,11.97,Active,2025-12-17
L200479,C100640,Auto,270983.27,180,10.32,Delinquent,2026-01-30
L200480,C100456,Education,305971.18,24,13.84,Active,2025-07-20
L200481,C100088,Home,518330.88,180,12.88,Active,2025-12-23
L200482,C100111,Home,580293.94,12,7.0,Active,2026-01-19
L200483,C100604,Personal,101208.39,180,12.62,Active,2026-01-31
L200484,C100387,Home,646053.21,24,12.91,Closed,2026-01-17
L200485,C100419,Education,152387.74,36,11.42,Closed,2026-03-16
L200486,C100795,Personal,101364.49,60,12.6,Active,2025-12-14
L200487,C100690,Personal,144659.28,36,11.24,Closed,2026-04-27
L200488,C100272,Auto,282340.81,120,17.13,Active,2026-06-24
L200489,C100428,Business,699653.54,24,13.59,Active,2026-02-14
L200490,C100089,Consumer Durable,111509.65,120,11.76,Delinquent,2025-11-08
L200491,C100246,Auto,241262.25,180,12.19,Delinquent,2026-03-25
L200492,C100039,Auto,278848.98,12,14.41,Closed,2025-08-15
L200493,C100378,Auto,1334099.75,120,7.0,Closed,2026-03-11
L200494,C100108,Auto,928235.98,180,20.9,Closed,2026-06-11
L200495,C100624,Auto,121230.26,180,17.97,Closed,2026-01-26
L200496,C100729,Auto,258921.5,12,12.61,Delinquent,2025-09-07
L200497,C100537,Business,214808.63,24,13.51,Active,2026-01-17
L200498,C100127,Home,538590.51,180,12.48,Closed,2026-02-27
L200499,C100312,Auto,542032.99,180,13.72,Active,2026-04-14
L200500,C100559,Personal,201436.88,12,11.33,Delinquent,2026-05-10
L200501,C100158,Education,478280.37,180,18.67,Active,2026-06-21
L200502,C100166,Education,199694.59,120,12.36,Active,2025-08-23
L200503,C100453,Business,372574.0,60,16.52,Closed,2025-09-03
L200504,C100511,Business,322365.55,60,15.84,Active,2026-03-14
L200505,C100094,Personal,96798.77,60,12.79,Active,2026-05-28
L200506,C100245,Personal,142229.22,12,12.48,Closed,2026-04-03
L200507,C100503,Personal,617282.02,48,11.15,Active,2025-12-22
L200508,C100733,Home,276846.4,12,13.14,Active,2025-08-09
L200509,C100386,Home,1568671.39,12,11.96,Active,2026-04-16
L200510,C100123,Auto,511803.15,180,12.61,Active,2026-04-04
L200511,C100410,Auto,318930.2,180,13.95,Delinquent,2025-08-21
L200512,C100201,Home,1564318.22,36,16.76,Active,2025-11-06
L200513,C100077,Education,196601.37,48,12.92,Closed,2025-07-07
L200514,C100554,Business,749731.71,12,14.5,Active,2026-06-02
L200515,C100506,Business,619941.17,12,8.53,Active,2025-08-13
L200516,C100002,Business,316699.05,48,15.18,Delinquent,2025-09-02
L200517,C100382,Education,297297.7,120,17.53,Closed,2026-05-03
L200518,C100080,Education,256080.18,36,7.0,Closed,2025-12-02
L200519,C100462,Home,2717316.93,48,13.56,Active,2026-05-14
L200520,C100147,Home,1414791.98,120,12.96,Active,2025-09-06
L200521,C100684,Business,127209.18,12,7.0,Active,2025-11-10
L200522,C100518,Personal,84403.2,48,20.72,Closed,2026-04-24
L200523,C100246,Business,223263.29,24,11.92,Active,2026-01-23
L200524,C100689,Education,496398.92,36,20.23,Closed,2026-03-30
L200525,C100224,Home,396502.74,60,13.38,Active,2025-08-09
L200526,C100598,Personal,133524.39,24,17.24,Default,2026-01-24
L200527,C100209,Personal,175758.34,36,12.52,Delinquent,2026-04-08
L200528,C100240,Personal,66911.77,120,15.11,Active,2026-05-31
L200529,C100136,Auto,276863.88,48,13.83,Closed,2025-07-24
L200530,C100161,Home,710920.76,120,10.24,Active,2026-02-01
L200531,C100776,Personal,57311.76,36,10.27,Closed,2026-06-05
L200532,C100353,Home,142448.0,36,7.9,Written Off,2025-12-03
L200533,C100401,Auto,284115.22,180,8.43,Closed,2026-04-28
L200534,C100155,Personal,75504.81,36,14.07,Active,2026-02-27
L200535,C100503,Education,589674.48,48,9.19,Closed,2026-02-04
L200536,C100617,Auto,956656.06,120,16.51,Active,2026-06-02
L200537,C100342,Consumer Durable,62520.49,36,8.91,Active,2026-05-27
L200538,C100129,Business,1041365.31,48,14.81,Active,2025-08-10
L200539,C100253,Personal,252829.17,120,7.82,Delinquent,2025-10-24
L200540,C100481,Education,76587.43,180,11.62,Active,2026-06-06
L200541,C100121,Auto,1396071.48,120,12.5,Active,2026-06-25
L200542,C100304,Auto,356928.21,180,11.16,Closed,2026-05-09
L200543,C100605,Home,602887.05,60,11.15,Delinquent,2026-02-24
L200544,C100412,Business,364217.09,12,16.47,Active,2026-06-26
L200545,C100794,Home,113084.6,120,12.32,Closed,2025-07-19
L200546,C100046,Personal,340743.21,60,17.78,Active,2025-09-30
L200547,C100507,Personal,106290.8,60,9.69,Closed,2025-12-31
L200548,C100002,Home,439351.86,180,16.7,Default,2025-10-12
L200549,C100760,Home,414797.9,180,14.27,Active,2026-05-14
L200550,C100320,Consumer Durable,35687.36,24,16.53,Active,2026-03-25
L200551,C100182,Auto,178201.5,180,8.44,Closed,2025-12-19
L200552,C100524,Home,1075817.85,48,9.81,Active,2026-06-17
L200553,C100108,Auto,1085588.73,12,16.51,Active,2025-07-28
L200554,C100795,Auto,111052.99,180,12.96,Delinquent,2025-11-01
L200555,C100782,Personal,55841.26,60,9.86,Closed,2025-10-25
L200556,C100207,Personal,50413.11,120,13.52,Active,2025-07-29
L200557,C100520,Home,373250.25,120,16.67,Written Off,2026-06-23
L200558,C100371,Home,314371.82,48,14.8,Active,2026-02-26
L200559,C100084,Personal,58579.38,60,13.32,Active,2025-10-12
L200560,C100145,Consumer Durable,101846.55,48,12.42,Closed,2026-03-12
L200561,C100086,Consumer Durable,45151.92,36,17.2,Active,2026-03-28
L200562,C100427,Education,233324.47,180,8.6,Active,2026-04-15
L200563,C100279,Personal,103196.07,60,13.84,Closed,2025-09-09
L200564,C100164,Business,353210.78,120,14.12,Active,2025-09-26
L200565,C100007,Home,302340.04,48,17.94,Closed,2026-01-25
L200566,C100317,Business,217460.65,24,13.85,Active,2025-09-27
L200567,C100451,Personal,77251.4,60,14.63,Active,2026-03-08
L200568,C100674,Education,1099767.44,48,16.63,Delinquent,2025-11-11
L200569,C100423,Personal,126138.09,24,14.06,Closed,2026-02-20
L200570,C100465,Auto,127007.19,180,16.73,Active,2026-04-30
L200571,C100398,Education,337521.51,12,16.29,Closed,2025-11-23
L200572,C100512,Personal,145867.91,24,12.81,Delinquent,2026-06-16
L200573,C100189,Personal,210710.13,24,10.28,Delinquent,2025-10-10
L200574,C100660,Education,108093.0,60,14.05,Closed,2025-12-05
L200575,C100251,Personal,142856.43,60,9.22,Closed,2025-11-01
L200576,C100084,Consumer Durable,65367.13,12,8.82,Active,2025-11-13
L200577,C100506,Personal,128012.77,24,16.65,Closed,2025-09-07
L200578,C100022,Auto,169594.2,120,7.98,Active,2026-05-19
L200579,C100648,Education,369047.38,12,12.37,Active,2026-03-28
L200580,C100591,Home,1871617.14,48,17.26,Active,2025-12-12
L200581,C100107,Business,682038.92,120,10.95,Delinquent,2025-12-03
L200582,C100791,Personal,242447.76,60,10.48,Closed,2025-07-06
L200583,C100237,Business,825506.23,36,15.75,Closed,2026-03-05
L200584,C100452,Personal,371749.29,12,11.27,Closed,2025-09-13
L200585,C100479,Personal,102190.75,60,13.26,Active,2025-10-17
L200586,C100661,Personal,94146.11,48,11.91,Closed,2025-12-05
L200587,C100070,Business,438770.17,48,8.44,Active,2025-12-21
L200588,C100412,Business,876085.95,180,17.68,Delinquent,2025-11-23
L200589,C100087,Business,646295.49,60,12.03,Active,2026-04-27
L200590,C100519,Business,541089.59,180,15.03,Closed,2026-04-20
L200591,C100633,Business,616677.3,180,12.32,Closed,2026-01-22
L200592,C100585,Consumer Durable,55364.18,120,15.35,Active,2025-12-20
L200593,C100781,Auto,214673.49,48,13.42,Delinquent,2025-12-19
L200594,C100561,Home,417362.33,12,12.33,Closed,2025-08-08
L200595,C100199,Business,411077.66,180,12.37,Active,2026-01-05
L200596,C100037,Home,1568547.46,60,11.79,Delinquent,2025-10-17
L200597,C100564,Auto,1343586.29,180,7.0,Active,2026-06-01
L200598,C100055,Education,221795.81,60,16.34,Closed,2025-10-31
L200599,C100006,Home,185906.47,12,15.68,Active,2026-04-23
L200600,C100103,Personal,83724.78,24,10.07,Closed,2026-01-02
L200601,C100158,Consumer Durable,108980.57,24,14.56,Active,2026-04-30
L200602,C100729,Education,151689.9,180,12.84,Delinquent,2025-12-05
L200603,C100637,Consumer Durable,107788.99,24,14.83,Active,2026-04-07
L200604,C100599,Personal,240273.49,36,11.79,Closed,2025-07-02
L200605,C100101,Home,757635.61,120,13.28,Closed,2025-12-26
L200606,C100225,Personal,411660.04,36,8.41,Active,2026-03-24
L200607,C100630,Consumer Durable,108340.44,180,11.64,Delinquent,2025-11-12
L200608,C100577,Home,384856.82,24,14.61,Active,2025-07-14
L200609,C100519,Consumer Durable,64537.34,36,14.35,Active,2026-01-19
L200610,C100062,Home,779422.6,180,15.41,Closed,2026-06-10
L200611,C100402,Home,270902.53,120,14.72,Active,2026-03-13
L200612,C100244,Business,744902.53,12,17.01,Active,2025-07-04
L200613,C100461,Education,122250.04,120,16.53,Active,2025-08-18
L200614,C100717,Personal,285595.75,36,16.61,Active,2025-08-03
L200615,C100327,Personal,54024.86,60,16.07,Active,2025-09-16
L200616,C100282,Education,329233.13,180,13.71,Active,2025-11-27
L200617,C100464,Consumer Durable,108592.93,24,15.01,Active,2025-09-10
L200618,C100545,Business,286478.25,60,13.13,Active,2025-10-23
L200619,C100077,Auto,387192.73,12,11.77,Active,2025-07-13
L200620,C100521,Business,196241.19,12,9.23,Active,2025-09-02
L200621,C100394,Business,429231.64,36,20.48,Active,2025-09-25
L200622,C100758,Personal,181154.02,36,11.25,Closed,2025-08-01
L200623,C100257,Business,539857.93,60,10.83,Active,2026-03-31
L200624,C100772,Personal,114362.0,24,12.48,Closed,2026-05-16
L200625,C100224,Personal,53244.63,180,12.55,Active,2025-08-27
L200626,C100076,Consumer Durable,40962.63,60,13.44,Active,2025-07-29
L200627,C100057,Personal,77324.36,120,12.19,Delinquent,2026-01-25
L200628,C100035,Education,136318.65,36,9.49,Closed,2026-03-24
L200629,C100279,Business,361148.36,120,14.61,Delinquent,2026-04-30
L200630,C100788,Personal,178121.97,24,19.74,Closed,2025-10-12
L200631,C100590,Personal,327175.19,120,11.09,Closed,2026-04-16
L200632,C100547,Personal,74513.77,36,12.83,Closed,2025-07-02
L200633,C100713,Personal,261069.37,60,14.47,Closed,2026-01-23
L200634,C100736,Consumer Durable,33908.34,48,7.0,Closed,2025-07-13
L200635,C100637,Personal,194843.39,36,10.36,Active,2025-11-21
L200636,C100174,Education,316418.9,12,12.45,Closed,2026-03-10
L200637,C100448,Home,441473.07,48,13.11,Delinquent,2026-01-27
L200638,C100453,Consumer Durable,89913.69,120,8.68,Default,2025-12-21
L200639,C100678,Personal,156403.83,120,10.2,Closed,2025-12-06
L200640,C100316,Consumer Durable,28821.09,120,9.99,Delinquent,2026-03-21
L200641,C100688,Personal,101410.16,12,11.33,Delinquent,2026-01-07
L200642,C100560,Auto,193541.74,180,9.67,Active,2026-06-25
L200643,C100496,Auto,175627.82,36,14.91,Closed,2025-11-26
L200644,C100744,Auto,425074.83,24,7.32,Delinquent,2026-05-14
L200645,C100229,Education,74740.34,36,9.78,Closed,2026-02-07
L200646,C100243,Home,1489307.04,60,10.14,Active,2026-02-22
L200647,C100235,Consumer Durable,48464.28,180,15.72,Closed,2026-03-30
L200648,C100206,Personal,230928.05,36,14.13,Delinquent,2026-05-24
L200649,C100672,Personal,165284.3,60,11.4,Delinquent,2025-10-16
L200650,C100705,Home,2882401.97,120,11.49,Default,2025-10-18
L200651,C100115,Auto,240100.13,120,11.77,Closed,2026-06-09
L200652,C100030,Home,1363942.2,120,13.12,Active,2026-05-29
L200653,C100723,Home,286095.51,120,11.21,Closed,2026-05-06
L200654,C100572,Education,155815.26,24,18.62,Active,2026-03-04
L200655,C100390,Personal,158670.68,24,19.6,Active,2025-08-22
L200656,C100758,Personal,80719.44,180,14.42,Active,2026-06-07
L200657,C100444,Auto,335539.21,48,17.48,Active,2026-04-25
L200658,C100660,Auto,88382.84,48,8.83,Closed,2026-01-01
L200659,C100723,Auto,147653.06,180,14.09,Active,2026-05-02
L200660,C100587,Personal,224350.03,48,10.99,Closed,2025-07-30
L200661,C100615,Education,150169.53,120,19.84,Active,2025-07-31
L200662,C100012,Business,450230.89,60,13.28,Active,2025-09-07
L200663,C100311,Home,349368.4,48,15.85,Active,2026-02-07
L200664,C100709,Personal,52236.49,12,17.55,Closed,2026-01-06
L200665,C100609,Consumer Durable,59624.11,36,8.79,Closed,2025-11-18
L200666,C100321,Auto,1156191.55,48,15.71,Written Off,2025-10-06
L200667,C100588,Education,122045.16,48,15.21,Active,2025-08-25
L200668,C100088,Personal,304180.6,180,15.08,Active,2025-07-08
L200669,C100777,Personal,84834.19,180,16.64,Active,2026-06-08
L200670,C100735,Personal,150187.81,12,14.04,Active,2026-03-29
L200671,C100515,Personal,73362.17,180,10.54,Closed,2026-01-03
L200672,C100221,Personal,140651.0,180,12.22,Closed,2026-06-24
L200673,C100436,Auto,332067.64,48,7.83,Delinquent,2025-12-31
L200674,C100117,Home,414000.28,120,8.86,Delinquent,2026-03-13
L200675,C100152,Auto,183289.72,36,7.0,Closed,2025-07-21
L200676,C100519,Personal,132200.18,180,11.7,Active,2025-10-24
L200677,C100796,Business,528826.13,60,9.84,Closed,2026-03-27
L200678,C100162,Auto,238920.17,36,7.0,Active,2026-04-13
L200679,C100594,Personal,394408.13,36,9.55,Closed,2025-08-17
L200680,C100040,Personal,179084.47,48,11.91,Active,2025-12-30
L200681,C100196,Home,403156.02,12,14.86,Closed,2026-02-06
L200682,C100119,Personal,78264.09,36,15.61,Closed,2025-10-24
L200683,C100529,Consumer Durable,25365.38,120,12.81,Active,2026-04-27
L200684,C100308,Personal,83368.42,48,11.63,Active,2026-04-11
L200685,C100338,Auto,262154.36,36,17.13,Delinquent,2025-09-25
L200686,C100280,Personal,56496.58,180,13.98,Active,2026-04-04
L200687,C100340,Business,243120.26,60,14.05,Active,2025-10-15
L200688,C100675,Consumer Durable,29422.97,24,13.69,Closed,2026-01-07
L200689,C100226,Personal,67623.12,24,12.86,Closed,2025-11-22
L200690,C100666,Home,1399868.0,12,10.13,Closed,2026-05-12
L200691,C100111,Consumer Durable,42124.74,48,14.7,Delinquent,2026-04-19
L200692,C100174,Business,449642.61,180,8.25,Active,2026-04-23
L200693,C100480,Business,364366.86,60,16.73,Closed,2025-09-03
L200694,C100613,Personal,183652.5,120,17.89,Closed,2025-07-13
L200695,C100776,Home,347936.42,36,15.02,Active,2026-05-09
L200696,C100166,Home,1056763.45,24,17.25,Active,2026-01-29
L200697,C100030,Personal,118324.99,120,10.32,Active,2025-10-16
L200698,C100477,Consumer Durable,52430.94,48,10.62,Active,2025-07-27
L200699,C100264,Auto,300666.65,48,14.61,Active,2026-06-23
L200700,C100266,Education,400925.12,24,13.31,Default,2025-12-20
L200701,C100559,Personal,170218.84,12,16.39,Closed,2025-09-15
L200702,C100430,Home,1020782.62,120,9.13,Active,2026-03-28
L200703,C100196,Auto,207106.0,180,14.97,Closed,2025-09-25
L200704,C100766,Personal,45893.53,120,11.62,Active,2026-01-05
L200705,C100391,Personal,192483.3,60,12.5,Active,2026-04-22
L200706,C100025,Education,391359.88,36,11.42,Closed,2025-12-20
L200707,C100699,Auto,368977.43,12,12.17,Active,2025-08-01
L200708,C100527,Education,300616.04,180,14.23,Closed,2026-04-03
L200709,C100162,Personal,84992.02,120,16.28,Delinquent,2026-06-19
L200710,C100107,Auto,561545.45,12,10.89,Closed,2026-04-11
L200711,C100214,Personal,57189.12,24,13.64,Active,2025-12-30
L200712,C100787,Personal,132821.97,12,10.53,Active,2026-03-05
L200713,C100446,Consumer Durable,30548.12,12,13.34,Closed,2025-11-14
L200714,C100522,Consumer Durable,24092.07,180,11.23,Delinquent,2026-02-01
L200715,C100233,Consumer Durable,38326.54,24,17.4,Active,2025-08-10
L200716,C100016,Personal,126730.34,12,10.36,Closed,2025-12-10
L200717,C100316,Education,269100.13,24,10.96,Active,2026-03-01
L200718,C100610,Education,276157.74,36,16.49,Closed,2026-02-19
L200719,C100338,Personal,167679.54,48,14.14,Closed,2025-10-03
L200720,C100436,Personal,167555.74,48,11.86,Closed,2025-07-15
L200721,C100103,Business,488807.42,60,9.68,Active,2026-06-06
L200722,C100250,Auto,235652.7,24,16.75,Active,2025-12-31
L200723,C100590,Home,596281.36,120,9.55,Closed,2025-11-07
L200724,C100189,Home,534159.45,48,17.05,Closed,2026-05-26
L200725,C100003,Home,1295864.98,120,19.2,Active,2025-08-01
L200726,C100188,Personal,282410.3,60,16.42,Active,2025-08-23
L200727,C100707,Business,290146.53,36,11.36,Closed,2026-05-13
L200728,C100719,Consumer Durable,146085.88,36,13.5,Active,2025-11-06
L200729,C100033,Personal,31483.13,60,9.05,Active,2026-03-19
L200730,C100148,Education,168823.45,60,11.24,Delinquent,2026-06-12
L200731,C100467,Business,596794.62,48,11.48,Default,2025-08-15
L200732,C100417,Personal,27364.54,180,11.37,Active,2025-12-18
L200733,C100306,Business,585243.47,48,14.37,Closed,2026-05-07
L200734,C100069,Personal,99682.61,48,15.37,Active,2025-12-06
L200735,C100786,Consumer Durable,46899.7,48,15.33,Active,2026-05-08
L200736,C100637,Personal,204495.79,180,8.59,Closed,2025-12-08
L200737,C100223,Education,107671.8,36,22.01,Default,2026-06-27
L200738,C100533,Home,377983.98,12,11.13,Delinquent,2026-06-11
L200739,C100709,Auto,97916.17,12,15.17,Active,2025-08-20
L200740,C100167,Personal,95917.41,12,13.83,Active,2025-10-04
L200741,C100025,Home,707848.11,120,14.76,Active,2025-11-03
L200742,C100333,Consumer Durable,90609.99,180,15.31,Closed,2025-11-29
L200743,C100616,Personal,248213.97,12,8.33,Active,2026-05-19
L200744,C100685,Personal,94736.73,36,10.85,Closed,2026-01-18
L200745,C100082,Consumer Durable,79616.3,60,14.74,Closed,2026-02-11
L200746,C100148,Personal,47379.56,36,10.2,Delinquent,2025-09-14
L200747,C100178,Personal,47914.64,24,12.06,Closed,2026-04-26
L200748,C100319,Consumer Durable,119662.85,120,11.7,Active,2025-10-01
L200749,C100432,Personal,90107.75,36,10.53,Active,2026-05-23
L200750,C100238,Home,1068959.18,180,14.18,Active,2026-05-04
L200751,C100081,Home,233457.39,12,10.27,Active,2026-06-11
L200752,C100653,Education,135910.23,36,12.11,Closed,2026-02-27
L200753,C100475,Business,1599180.66,120,16.86,Active,2026-05-27
L200754,C100308,Home,420544.61,48,12.72,Active,2026-02-22
L200755,C100535,Home,1201118.59,48,19.31,Closed,2025-09-10
L200756,C100693,Business,416678.62,36,8.61,Active,2026-04-15
L200757,C100450,Business,610004.89,12,17.05,Active,2026-02-19
L200758,C100713,Personal,131463.98,120,11.03,Written Off,2025-08-09
L200759,C100678,Business,647976.85,180,12.18,Active,2025-08-02
L200760,C100454,Business,519278.21,24,13.53,Active,2026-03-23
L200761,C100566,Home,693587.98,12,10.17,Closed,2026-05-28
L200762,C100653,Consumer Durable,33776.07,120,15.18,Closed,2025-11-08
L200763,C100009,Home,945897.7,180,10.66,Active,2025-09-01
L200764,C100484,Auto,196289.13,180,15.01,Active,2026-04-18
L200765,C100795,Personal,49538.14,120,12.29,Closed,2026-04-18
L200766,C100072,Personal,98443.82,36,7.0,Active,2026-05-19
L200767,C100667,Auto,835988.65,24,12.63,Closed,2026-05-17
L200768,C100197,Education,44667.93,24,12.08,Closed,2025-10-31
L200769,C100709,Personal,96192.63,12,14.32,Closed,2025-11-02
L200770,C100722,Consumer Durable,213182.58,36,11.82,Active,2025-10-17
L200771,C100068,Home,1715562.53,48,14.27,Active,2025-12-10
L200772,C100738,Personal,274862.56,24,7.89,Active,2025-10-20
L200773,C100051,Personal,178831.65,36,13.83,Active,2025-07-17
L200774,C100477,Education,134799.85,60,12.38,Active,2026-04-23
L200775,C100370,Auto,193579.63,60,15.91,Delinquent,2026-02-16
L200776,C100150,Consumer Durable,22602.06,48,12.67,Active,2026-03-14
L200777,C100324,Home,732914.08,60,7.0,Active,2025-12-12
L200778,C100561,Personal,73300.75,12,18.63,Active,2026-04-22
L200779,C100725,Auto,120686.42,48,15.87,Active,2025-11-11
L200780,C100462,Personal,124164.05,48,10.66,Active,2025-09-19
L200781,C100146,Consumer Durable,28249.26,12,14.23,Closed,2026-02-24
L200782,C100344,Home,448654.84,180,8.72,Active,2025-09-12
L200783,C100791,Auto,849918.46,12,10.67,Delinquent,2026-02-26
L200784,C100144,Consumer Durable,191092.83,12,12.1,Active,2026-02-22
L200785,C100719,Auto,253699.58,120,13.22,Active,2026-02-19
L200786,C100645,Business,620369.42,24,7.0,Delinquent,2025-07-24
L200787,C100100,Business,256026.46,48,11.98,Closed,2026-03-06
L200788,C100380,Auto,310369.07,48,14.2,Closed,2025-10-08
L200789,C100220,Auto,229328.99,48,14.98,Closed,2026-06-12
L200790,C100338,Auto,311149.27,12,12.8,Closed,2026-02-16
L200791,C100793,Personal,253164.7,12,11.97,Delinquent,2026-02-12
L200792,C100334,Personal,330006.67,48,12.46,Delinquent,2026-04-30
L200793,C100423,Education,333146.76,48,11.55,Active,2025-11-25
L200794,C100219,Education,156208.63,24,9.83,Active,2026-05-04
L200795,C100053,Personal,147591.38,12,12.75,Active,2026-03-19
L200796,C100580,Auto,521942.78,48,15.93,Closed,2025-10-12
L200797,C100153,Business,218810.09,12,10.45,Delinquent,2025-10-11
L200798,C100492,Personal,128224.57,12,16.5,Active,2025-07-22
L200799,C100315,Consumer Durable,83078.71,12,17.64,Closed,2025-07-03
L200800,C100608,Personal,250158.02,24,10.81,Closed,2025-08-17
L200801,C100522,Education,109523.32,12,10.34,Delinquent,2026-02-19
L200802,C100549,Education,178836.93,120,14.93,Active,2025-09-22
L200803,C100040,Personal,205865.62,48,14.43,Active,2025-10-18
L200804,C100119,Home,585864.62,120,16.64,Closed,2026-01-27
L200805,C100734,Consumer Durable,222330.49,24,12.16,Active,2025-12-03
L200806,C100258,Business,298375.34,180,17.25,Closed,2025-12-22
L200807,C100799,Consumer Durable,195811.68,48,10.91,Active,2026-06-27
L200808,C100641,Auto,190815.05,60,13.87,Active,2025-07-26
L200809,C100157,Personal,133434.35,48,14.01,Active,2026-01-10
L200810,C100255,Personal,65934.41,60,12.75,Closed,2026-04-05
L200811,C100478,Home,1287868.18,180,8.23,Active,2026-03-17
L200812,C100550,Personal,121004.86,12,13.39,Active,2025-09-23
L200813,C100368,Personal,135877.25,12,15.12,Active,2026-01-16
L200814,C100239,Business,382065.78,24,13.59,Active,2025-09-08
L200815,C100617,Business,2928779.96,48,14.09,Active,2025-09-21
L200816,C100596,Consumer Durable,101028.86,60,18.37,Active,2025-10-26
L200817,C100763,Personal,225815.7,36,12.56,Active,2025-10-11
L200818,C100256,Home,1187615.98,60,15.69,Active,2025-11-19
L200819,C100597,Consumer Durable,98314.58,60,10.29,Closed,2025-08-20
L200820,C100769,Business,500440.53,24,12.0,Active,2025-07-20
L200821,C100519,Auto,174253.27,12,8.7,Closed,2025-12-01
L200822,C100684,Personal,21882.43,180,16.81,Active,2026-02-28
L200823,C100078,Home,631087.86,12,11.4,Closed,2025-09-20
L200824,C100197,Personal,73366.51,60,9.88,Active,2026-02-25
L200825,C100236,Business,440022.43,36,14.73,Delinquent,2026-04-23
L200826,C100193,Business,247615.95,24,9.43,Closed,2026-03-12
L200827,C100006,Home,722990.98,120,10.57,Active,2025-09-07
L200828,C100207,Home,748359.7,120,12.5,Closed,2026-03-06
L200829,C100543,Auto,142056.74,60,13.32,Closed,2026-05-08
L200830,C100753,Consumer Durable,41952.1,180,15.61,Closed,2025-08-04
L200831,C100153,Auto,227252.89,12,10.63,Active,2026-05-28
L200832,C100026,Personal,98258.34,48,12.34,Active,2025-12-06
L200833,C100559,Personal,242719.49,48,13.59,Active,2026-05-13
L200834,C100406,Auto,242268.76,12,11.19,Closed,2025-08-13
L200835,C100519,Personal,38855.57,48,11.52,Active,2025-09-07
L200836,C100694,Personal,48603.15,60,18.28,Default,2025-07-10
L200837,C100468,Business,369138.86,60,14.22,Active,2026-01-05
L200838,C100481,Home,224066.07,180,14.04,Active,2026-01-12
L200839,C100237,Personal,119608.08,48,18.07,Active,2026-02-21
L200840,C100752,Personal,50906.48,48,14.53,Closed,2026-04-24
L200841,C100452,Auto,1454023.85,36,16.57,Active,2026-04-20
L200842,C100181,Consumer Durable,41887.37,12,11.9,Active,2026-06-01
L200843,C100375,Home,545499.64,36,16.28,Active,2026-05-18
L200844,C100533,Personal,30123.97,24,15.14,Closed,2026-06-01
L200845,C100017,Personal,99399.35,36,8.89,Closed,2026-04-21
L200846,C100304,Education,251860.61,12,15.82,Closed,2025-11-28
L200847,C100599,Auto,312771.8,60,18.17,Active,2025-08-17
L200848,C100173,Education,177464.89,48,11.62,Active,2026-01-19
L200849,C100758,Auto,146228.05,48,12.92,Closed,2026-03-08
L200850,C100609,Home,1020493.12,60,16.94,Active,2025-12-27
L200851,C100531,Auto,317296.04,12,8.42,Active,2025-07-20
L200852,C100105,Personal,96994.26,48,13.32,Written Off,2026-02-03
L200853,C100611,Business,593225.42,36,9.99,Closed,2026-02-02
L200854,C100796,Consumer Durable,47930.0,24,11.87,Closed,2025-10-23
L200855,C100287,Business,229408.54,180,13.73,Default,2026-06-08
L200856,C100360,Consumer Durable,52081.86,60,16.08,Active,2026-02-14
L200857,C100393,Auto,246169.24,24,10.04,Active,2026-04-30
L200858,C100659,Home,251606.38,60,12.62,Active,2025-12-16
L200859,C100246,Education,190672.53,12,8.96,Default,2025-11-28
L200860,C100027,Personal,17448.81,60,13.21,Active,2025-12-18
L200861,C100467,Business,561164.46,60,16.93,Written Off,2025-10-04
L200862,C100512,Home,1108834.49,120,11.49,Active,2026-03-15
L200863,C100164,Personal,98561.03,48,12.77,Active,2025-08-21
L200864,C100636,Education,323407.9,180,15.11,Active,2025-11-07
L200865,C100337,Personal,247446.15,48,17.46,Delinquent,2026-06-16
L200866,C100127,Education,69006.87,24,16.61,Active,2026-06-25
L200867,C100363,Personal,577579.34,48,14.38,Active,2026-05-25
L200868,C100649,Personal,53499.7,12,7.0,Delinquent,2026-04-14
L200869,C100791,Personal,206484.6,120,11.5,Active,2025-11-16
L200870,C100269,Personal,36238.29,48,15.06,Delinquent,2025-08-23
L200871,C100424,Consumer Durable,47408.01,12,11.86,Active,2026-05-05
L200872,C100276,Personal,116284.38,24,11.74,Active,2025-09-06
L200873,C100051,Personal,96112.55,48,13.62,Closed,2025-12-08
L200874,C100478,Personal,553083.89,48,17.76,Closed,2026-02-24
L200875,C100382,Business,1209053.15,12,16.63,Active,2025-11-30
L200876,C100596,Personal,134696.01,120,13.29,Closed,2025-08-25
L200877,C100666,Home,1177602.23,24,9.55,Delinquent,2026-04-23
L200878,C100509,Auto,175684.4,120,9.6,Closed,2025-10-26
L200879,C100774,Personal,179989.76,36,15.67,Active,2026-04-24
L200880,C100314,Auto,293091.59,180,16.59,Delinquent,2026-01-13
L200881,C100200,Business,251807.98,24,10.77,Closed,2025-11-07
L200882,C100333,Personal,70601.55,48,12.01,Active,2025-09-18
L200883,C100591,Auto,265257.54,180,7.52,Active,2026-04-23
L200884,C100400,Business,509228.04,48,9.3,Active,2025-12-09
L200885,C100128,Personal,53106.61,48,13.44,Closed,2025-11-19
L200886,C100059,Consumer Durable,20422.99,48,12.94,Closed,2025-08-09
L200887,C100606,Home,537619.2,24,17.07,Closed,2025-07-04
L200888,C100103,Auto,256622.69,24,12.59,Delinquent,2026-06-21
L200889,C100295,Auto,262903.09,36,8.6,Default,2026-05-07
L200890,C100439,Auto,153014.29,120,11.73,Active,2026-04-18
L200891,C100491,Business,476129.61,24,10.23,Closed,2026-04-13
L200892,C100579,Business,732045.44,48,11.97,Closed,2026-04-03
L200893,C100620,Business,183026.02,120,14.41,Written Off,2025-12-19
L200894,C100218,Personal,136920.88,24,11.41,Closed,2025-09-01
L200895,C100616,Personal,153123.03,60,14.17,Closed,2025-09-11
L200896,C100194,Home,627190.01,12,8.77,Closed,2026-01-02
L200897,C100350,Home,1093797.99,36,15.66,Active,2025-09-22
L200898,C100407,Personal,129276.73,48,10.0,Active,2025-11-20
L200899,C100008,Personal,202885.95,60,15.29,Active,2026-04-20
L200900,C100012,Personal,75469.26,48,13.84,Active,2026-05-29
L200901,C100559,Personal,110424.77,48,8.95,Active,2026-05-29
L200902,C100411,Auto,95692.17,12,9.2,Active,2025-08-15
L200903,C100310,Consumer Durable,53118.32,36,11.46,Closed,2025-10-09
L200904,C100481,Personal,74170.55,48,10.92,Closed,2026-05-27
L200905,C100721,Business,442674.77,24,9.99,Delinquent,2026-01-07
L200906,C100478,Auto,1308554.53,120,11.03,Active,2025-07-16
L200907,C100036,Personal,188031.24,120,8.99,Active,2026-04-20
L200908,C100300,Consumer Durable,108371.1,24,9.09,Active,2025-09-26
L200909,C100616,Home,430287.2,120,11.19,Active,2026-06-15
L200910,C100321,Education,414153.33,12,15.11,Active,2026-02-12
L200911,C100258,Personal,101015.62,120,11.85,Written Off,2026-04-12
L200912,C100587,Consumer Durable,64729.77,36,16.52,Delinquent,2026-03-18
L200913,C100328,Personal,198940.52,12,13.3,Active,2025-07-29
L200914,C100724,Home,1041620.82,24,10.3,Active,2025-10-30
L200915,C100237,Home,1059476.64,24,13.67,Delinquent,2025-12-01
L200916,C100768,Business,1531513.4,120,8.38,Active,2025-12-03
L200917,C100014,Business,324815.12,60,8.99,Active,2025-08-28
L200918,C100070,Business,433850.98,120,7.77,Active,2025-10-13
L200919,C100729,Home,391681.5,36,16.65,Active,2026-04-19
L200920,C100598,Personal,76527.82,24,15.77,Active,2025-10-23
L200921,C100507,Business,1079174.22,24,12.24,Active,2026-04-17
L200922,C100356,Education,288734.5,48,15.13,Active,2025-10-08
L200923,C100366,Home,256049.9,12,9.93,Active,2026-06-17
L200924,C100246,Personal,197893.85,12,12.74,Closed,2026-05-30
L200925,C100385,Home,656414.23,60,16.16,Active,2026-05-20
L200926,C100197,Auto,64830.9,180,17.53,Closed,2026-06-30
L200927,C100718,Consumer Durable,79297.5,24,15.72,Active,2025-12-27
L200928,C100038,Education,95980.74,120,11.59,Active,2025-11-15
L200929,C100706,Consumer Durable,88641.12,60,9.29,Active,2025-07-07
L200930,C100706,Auto,135891.16,120,8.93,Active,2026-02-11
L200931,C100285,Education,210571.19,120,7.73,Closed,2025-10-26
L200932,C100146,Business,863843.96,36,14.93,Closed,2025-10-26
L200933,C100035,Personal,44540.41,24,14.34,Delinquent,2026-06-19
L200934,C100570,Personal,171893.82,60,16.09,Delinquent,2025-08-12
L200935,C100630,Business,429303.13,12,12.11,Active,2025-12-29
L200936,C100679,Business,394713.98,12,19.18,Active,2025-08-11
L200937,C100597,Home,1808439.87,48,16.84,Closed,2026-05-15
L200938,C100413,Education,352602.7,12,9.31,Active,2026-01-04
L200939,C100553,Auto,279308.81,120,14.28,Active,2026-03-21
L200940,C100654,Business,1047642.01,48,15.16,Active,2026-04-29
L200941,C100643,Auto,573215.13,36,11.44,Active,2026-01-18
L200942,C100150,Home,339222.22,60,11.2,Active,2026-01-17
L200943,C100460,Personal,105603.07,60,8.43,Active,2025-12-31
L200944,C100282,Home,953996.34,60,12.3,Closed,2025-10-14
L200945,C100455,Personal,273018.57,12,12.15,Active,2026-06-28
L200946,C100383,Auto,231134.8,120,10.57,Closed,2026-06-08
L200947,C100724,Auto,431684.35,180,13.42,Active,2026-05-16
L200948,C100026,Home,1066388.98,60,8.42,Active,2025-09-07
L200949,C100074,Home,1582457.12,36,18.13,Active,2025-11-23
L200950,C100317,Education,203761.02,12,9.08,Delinquent,2026-05-31
L200951,C100526,Education,256832.15,60,12.81,Active,2026-01-29
L200952,C100703,Personal,577681.58,12,11.8,Closed,2026-01-18
L200953,C100616,Personal,160256.4,180,18.95,Closed,2026-05-13
L200954,C100667,Education,266089.04,36,15.79,Active,2026-01-12
L200955,C100712,Education,316932.71,24,16.66,Active,2026-06-01
L200956,C100611,Auto,529384.09,120,10.87,Active,2026-05-18
L200957,C100245,Personal,359997.65,24,17.42,Active,2025-10-19
L200958,C100472,Auto,95920.22,60,8.55,Active,2025-09-07
L200959,C100001,Business,287263.36,12,7.72,Closed,2025-09-09
L200960,C100725,Consumer Durable,20889.49,48,14.7,Delinquent,2025-07-20
L200961,C100616,Auto,332992.42,60,15.77,Closed,2025-10-21
L200962,C100126,Personal,48780.95,180,10.21,Active,2025-11-02
L200963,C100427,Personal,53584.24,60,16.19,Active,2026-03-23
L200964,C100527,Business,365587.65,24,17.99,Delinquent,2025-09-16
L200965,C100164,Home,882956.57,36,11.34,Active,2025-10-21
L200966,C100489,Home,327516.23,180,10.86,Active,2026-03-09
L200967,C100465,Personal,113529.74,12,14.39,Closed,2025-10-17
L200968,C100208,Personal,108157.45,120,12.46,Delinquent,2025-11-25
L200969,C100404,Auto,281921.83,120,11.43,Delinquent,2025-09-18
L200970,C100528,Home,490004.29,180,18.07,Active,2025-12-31
L200971,C100009,Personal,147846.08,60,11.42,Delinquent,2026-03-01
L200972,C100408,Personal,82793.13,60,13.65,Closed,2025-08-05
L200973,C100552,Auto,775696.29,180,13.88,Active,2025-12-14
L200974,C100305,Personal,196654.65,36,14.05,Active,2025-08-15
L200975,C100188,Auto,999944.63,120,12.5,Delinquent,2025-07-27
L200976,C100369,Home,499408.85,120,9.44,Active,2026-01-24
L200977,C100717,Home,4033514.59,24,12.41,Active,2026-03-04
L200978,C100661,Education,97121.09,12,11.14,Closed,2026-01-08
L200979,C100765,Personal,210174.29,120,12.69,Closed,2026-04-20
L200980,C100166,Auto,373283.64,24,14.84,Active,2025-09-26
L200981,C100435,Home,813064.49,24,14.15,Active,2026-05-29
L200982,C100446,Personal,37062.83,48,18.21,Delinquent,2025-12-06
L200983,C100111,Consumer Durable,29311.4,48,14.85,Active,2025-11-04
L200984,C100018,Business,207215.85,24,16.9,Closed,2026-03-08
L200985,C100774,Personal,289435.8,24,14.84,Active,2026-01-08
L200986,C100365,Auto,107054.19,48,10.63,Active,2025-07-17
L200987,C100548,Home,658945.76,180,12.45,Closed,2026-04-29
L200988,C100725,Education,53940.89,24,11.61,Closed,2026-04-13
L200989,C100711,Personal,103839.12,120,15.73,Closed,2026-03-11
L200990,C100304,Personal,216785.0,36,9.39,Closed,2025-09-06
L200991,C100120,Personal,76672.91,120,13.49,Active,2026-06-22
L200992,C100644,Auto,144640.69,60,14.53,Active,2025-09-05
L200993,C100616,Personal,145281.47,24,16.02,Active,2026-06-06
L200994,C100003,Personal,288836.66,48,11.89,Closed,2026-06-01
L200995,C100297,Personal,102109.75,48,16.27,Active,2025-12-09
L200996,C100439,Home,278656.58,48,16.7,Active,2025-08-18
L200997,C100335,Personal,72342.58,180,10.71,Active,2026-03-29
L200998,C100183,Personal,127342.34,120,17.65,Closed,2026-03-26
L200999,C100089,Auto,672196.15,120,15.12,Active,2025-10-27
L201000,C100118,Education,231376.75,180,12.68,Delinquent,2026-02-23
L201001,C100543,Auto,249206.21,180,12.93,Closed,2025-08-31
L201002,C100636,Consumer Durable,66952.7,60,17.02,Active,2025-07-13
L201003,C100757,Auto,386427.91,120,15.14,Closed,2026-06-19
L201004,C100285,Education,271960.21,12,13.33,Delinquent,2025-10-16
L201005,C100081,Auto,105693.9,48,17.31,Closed,2026-06-12
L201006,C100669,Personal,292683.03,180,9.54,Active,2026-02-06
L201007,C100136,Home,334674.91,48,12.89,Closed,2025-08-03
L201008,C100546,Personal,62130.03,120,13.44,Active,2025-11-24
L201009,C100527,Education,164137.54,120,13.84,Active,2025-10-26
L201010,C100120,Business,300947.69,180,11.55,Active,2025-11-02
L201011,C100423,Auto,425710.51,48,15.99,Closed,2026-02-07
L201012,C100327,Business,98097.75,12,11.67,Delinquent,2026-03-22
L201013,C100206,Personal,97872.4,180,15.49,Active,2026-01-01
L201014,C100096,Business,326954.04,36,15.54,Delinquent,2026-02-27
L201015,C100408,Education,103056.82,48,8.93,Default,2026-01-23
L201016,C100411,Business,170426.44,36,12.9,Closed,2026-03-19
L201017,C100346,Personal,78634.19,48,8.62,Default,2026-06-02
L201018,C100761,Auto,548314.44,60,19.29,Active,2025-09-04
L201019,C100084,Personal,69040.38,36,7.0,Active,2026-04-04
L201020,C100508,Personal,141428.33,120,13.92,Active,2025-10-23
L201021,C100374,Education,604729.18,48,9.25,Closed,2026-01-16
L201022,C100081,Auto,154836.11,24,7.0,Active,2026-03-11
L201023,C100629,Personal,110200.84,24,11.24,Active,2025-11-10
L201024,C100377,Consumer Durable,75881.36,120,20.07,Closed,2025-10-13
L201025,C100035,Auto,303260.39,12,13.84,Active,2026-03-13
L201026,C100262,Home,1086979.03,36,15.67,Active,2025-08-16
L201027,C100109,Auto,414418.55,12,11.69,Closed,2025-11-02
L201028,C100623,Business,916045.29,24,16.98,Active,2025-08-09
L201029,C100004,Education,72618.29,60,11.28,Closed,2026-04-08
L201030,C100638,Personal,23931.31,60,15.89,Delinquent,2026-01-07
L201031,C100098,Personal,150946.06,48,11.6,Closed,2025-11-20
L201032,C100308,Business,329766.1,48,10.45,Active,2025-11-08
L201033,C100171,Personal,97237.72,60,12.05,Active,2026-02-16
L201034,C100602,Consumer Durable,121208.59,48,18.79,Active,2026-06-18
L201035,C100025,Personal,167481.09,12,12.67,Active,2025-11-28
L201036,C100383,Business,273731.19,48,12.56,Delinquent,2025-08-15
L201037,C100440,Education,292468.72,12,16.35,Active,2025-09-21
L201038,C100061,Personal,130648.76,120,13.57,Active,2026-01-04
L201039,C100458,Home,691859.61,180,7.68,Active,2026-06-06
L201040,C100702,Personal,440329.82,36,17.55,Active,2026-03-04
L201041,C100544,Auto,900705.68,120,18.74,Delinquent,2026-05-16
L201042,C100129,Consumer Durable,134895.46,60,13.51,Active,2025-12-01
L201043,C100148,Auto,328904.2,48,15.37,Active,2026-04-05
L201044,C100798,Personal,509872.41,180,9.35,Closed,2026-06-12
L201045,C100163,Personal,121715.64,180,13.05,Closed,2025-08-12
L201046,C100384,Home,1496647.23,120,7.0,Active,2025-08-31
L201047,C100364,Personal,276518.47,24,16.2,Active,2025-12-19
L201048,C100024,Personal,93217.38,48,11.18,Delinquent,2026-01-19
L201049,C100559,Consumer Durable,108007.99,36,13.92,Active,2025-08-11
L201050,C100344,Auto,294152.47,36,11.6,Active,2026-04-25
L201051,C100289,Personal,350987.09,120,9.53,Delinquent,2025-07-07
L201052,C100487,Consumer Durable,62048.91,12,18.05,Active,2025-12-07
L201053,C100145,Personal,266789.98,120,15.43,Delinquent,2025-08-03
L201054,C100058,Personal,459369.79,120,13.75,Active,2026-04-23
L201055,C100355,Home,233793.22,60,13.72,Delinquent,2025-12-12
L201056,C100627,Personal,182201.49,180,11.23,Closed,2026-05-23
L201057,C100151,Personal,136141.22,60,10.19,Active,2025-09-16
L201058,C100522,Home,481812.68,120,14.33,Delinquent,2026-01-27
L201059,C100257,Business,609506.62,24,10.52,Active,2025-11-08
L201060,C100269,Home,647765.55,120,16.6,Closed,2026-02-03
L201061,C100064,Consumer Durable,65678.44,48,10.45,Active,2026-02-07
L201062,C100583,Personal,257625.92,12,10.14,Closed,2025-08-24
L201063,C100507,Personal,280488.13,60,9.91,Active,2025-12-28
L201064,C100113,Education,167594.2,48,15.52,Active,2026-05-20
L201065,C100641,Home,513860.93,12,16.14,Active,2025-09-23
L201066,C100683,Business,212547.31,12,14.6,Delinquent,2026-01-22
L201067,C100167,Personal,91156.03,60,15.59,Closed,2025-09-21
L201068,C100216,Personal,140032.87,12,13.77,Closed,2025-09-03
L201069,C100147,Personal,251367.82,24,10.41,Closed,2026-01-11
L201070,C100545,Auto,161749.94,24,10.15,Active,2025-11-07
L201071,C100421,Personal,68871.57,120,12.02,Closed,2026-06-22
L201072,C100558,Home,461298.48,12,10.58,Delinquent,2025-12-29
L201073,C100557,Auto,403220.46,180,17.1,Active,2026-05-27
L201074,C100695,Education,218615.87,36,10.8,Active,2025-09-09
L201075,C100494,Home,766207.21,36,14.65,Closed,2026-04-25
L201076,C100552,Auto,226483.83,120,12.45,Active,2026-01-21
L201077,C100565,Consumer Durable,101563.91,120,10.09,Active,2026-04-17
L201078,C100454,Auto,401650.24,180,14.29,Active,2026-03-28
L201079,C100062,Auto,349914.2,24,10.66,Active,2025-08-19
L201080,C100760,Education,191300.82,36,15.77,Active,2026-01-09
L201081,C100071,Business,1049797.57,12,11.62,Active,2025-10-31
L201082,C100773,Home,1679673.49,180,10.9,Active,2026-01-28
L201083,C100149,Personal,125417.61,36,17.63,Active,2026-04-24
L201084,C100029,Consumer Durable,188288.92,12,14.27,Active,2025-08-13
L201085,C100657,Personal,285810.47,24,15.82,Active,2025-11-05
L201086,C100690,Personal,196196.58,120,12.92,Active,2025-09-11
L201087,C100284,Personal,61355.34,60,13.55,Delinquent,2025-08-11
L201088,C100224,Consumer Durable,49787.53,24,11.65,Closed,2025-12-16
L201089,C100706,Auto,289729.29,12,10.46,Closed,2025-07-31
L201090,C100457,Home,591889.85,180,17.77,Active,2026-05-07
L201091,C100084,Personal,123910.97,180,10.21,Active,2025-12-29
L201092,C100243,Consumer Durable,49914.36,12,10.92,Active,2026-06-05
L201093,C100207,Consumer Durable,61901.66,120,15.66,Active,2025-10-04
L201094,C100098,Education,227995.38,12,15.11,Active,2026-02-13
L201095,C100677,Personal,43804.87,48,9.3,Active,2026-05-28
L201096,C100262,Auto,1121019.85,180,8.48,Active,2025-11-02
L201097,C100214,Consumer Durable,37092.44,24,10.76,Delinquent,2025-11-19
L201098,C100209,Personal,139862.8,120,12.34,Closed,2025-09-13
L201099,C100294,Home,1263067.74,60,15.36,Active,2025-07-11
L201100,C100053,Education,328268.21,180,13.89,Active,2026-01-13
L201101,C100157,Auto,332636.05,180,7.38,Active,2026-04-21
L201102,C100198,Auto,396507.64,60,14.42,Closed,2026-06-28
L201103,C100372,Home,1131083.61,12,11.52,Active,2026-03-02
L201104,C100059,Home,192656.38,120,13.68,Closed,2026-05-27
L201105,C100610,Auto,424296.77,36,11.2,Closed,2026-06-23
L201106,C100024,Auto,223958.35,36,15.04,Delinquent,2025-10-03
L201107,C100353,Home,325077.39,60,11.75,Closed,2025-12-29
L201108,C100581,Auto,508157.37,180,14.9,Closed,2025-11-29
L201109,C100338,Education,225218.71,60,10.91,Active,2025-07-04
L201110,C100468,Auto,352003.06,48,15.96,Active,2026-03-17
L201111,C100468,Personal,200478.54,180,7.04,Closed,2025-07-05
L201112,C100707,Home,311629.29,60,14.49,Active,2026-01-19
L201113,C100747,Consumer Durable,79761.47,120,9.3,Closed,2025-10-10
L201114,C100747,Education,186525.39,48,17.98,Active,2025-08-01
L201115,C100432,Consumer Durable,41855.77,120,7.16,Active,2025-11-21
L201116,C100091,Education,198769.68,24,12.15,Active,2025-10-12
L201117,C100513,Auto,517609.67,36,14.41,Active,2025-08-16
L201118,C100122,Personal,262944.08,36,9.89,Active,2026-01-08
L201119,C100724,Consumer Durable,96007.51,60,13.1,Closed,2025-09-03
L201120,C100525,Auto,294024.88,48,17.15,Closed,2026-02-03
L201121,C100209,Home,622248.86,180,13.84,Active,2025-10-03
L201122,C100764,Personal,101869.54,120,12.06,Closed,2026-02-07
L201123,C100110,Personal,199055.87,60,13.56,Closed,2025-09-08
L201124,C100176,Home,502340.12,36,18.19,Active,2025-11-10
L201125,C100707,Auto,398825.19,12,10.35,Closed,2025-10-05
L201126,C100480,Home,666157.91,60,20.17,Active,2026-02-21
L201127,C100203,Auto,191903.29,12,11.3,Closed,2026-04-07
L201128,C100798,Home,2322800.21,180,12.51,Active,2026-05-23
L201129,C100494,Auto,238693.32,120,13.98,Active,2026-03-24
L201130,C100646,Consumer Durable,92704.3,24,12.86,Active,2025-08-24
L201131,C100353,Consumer Durable,29988.64,12,10.6,Active,2025-07-19
L201132,C100547,Auto,351051.95,36,17.33,Active,2025-11-08
L201133,C100049,Consumer Durable,54900.76,48,9.5,Closed,2025-11-08
L201134,C100003,Consumer Durable,95866.29,36,12.56,Active,2026-04-23
L201135,C100102,Home,1371110.5,60,12.3,Closed,2025-09-10
L201136,C100130,Personal,41904.87,24,12.49,Closed,2026-01-31
L201137,C100132,Home,393698.43,48,12.16,Closed,2026-01-20
L201138,C100487,Consumer Durable,53887.01,24,17.22,Active,2026-05-01
L201139,C100144,Auto,957978.67,180,11.28,Active,2026-04-23
L201140,C100755,Auto,388895.56,36,12.13,Delinquent,2025-08-26
L201141,C100595,Auto,379245.73,60,12.71,Closed,2026-04-29
L201142,C100604,Consumer Durable,74532.99,36,12.67,Closed,2025-09-18
L201143,C100486,Personal,159876.34,180,9.34,Closed,2026-01-29
L201144,C100086,Consumer Durable,46490.4,48,11.24,Active,2026-04-26
L201145,C100601,Home,294512.81,12,12.57,Closed,2025-11-25
L201146,C100363,Home,2111941.02,24,14.86,Closed,2025-12-30
L201147,C100669,Personal,168476.72,36,19.3,Closed,2026-03-19
L201148,C100499,Auto,90914.54,48,10.28,Active,2026-06-08
L201149,C100487,Auto,224339.79,60,14.12,Delinquent,2026-02-16
L201150,C100402,Auto,377984.9,24,14.8,Closed,2026-05-15
L201151,C100332,Education,836089.4,180,16.3,Closed,2026-04-16
L201152,C100410,Home,393744.94,36,14.8,Closed,2026-05-30
L201153,C100762,Personal,139151.68,60,14.17,Active,2026-05-16
L201154,C100578,Auto,346115.52,36,12.37,Active,2026-05-04
L201155,C100347,Business,181243.06,180,16.14,Active,2025-10-20
L201156,C100300,Personal,84015.27,24,10.19,Closed,2026-06-15
L201157,C100088,Home,1251682.09,48,11.13,Closed,2026-01-18
L201158,C100038,Business,394627.43,48,7.72,Delinquent,2025-08-26
L201159,C100085,Home,276848.8,180,10.55,Active,2026-01-06
L201160,C100190,Auto,690991.15,12,14.42,Active,2025-12-27
L201161,C100524,Consumer Durable,101779.6,24,11.3,Active,2025-09-22
L201162,C100750,Auto,480726.87,48,11.95,Closed,2025-09-22
L201163,C100798,Auto,1571944.2,12,11.23,Active,2026-02-13
L201164,C100381,Home,587016.7,48,13.35,Active,2026-02-07
L201165,C100254,Home,882681.43,60,12.86,Active,2025-11-15
L201166,C100776,Education,108809.35,48,10.94,Delinquent,2026-06-23
L201167,C100702,Personal,194231.85,60,7.44,Delinquent,2026-04-06
L201168,C100095,Education,54737.92,12,13.47,Closed,2025-09-15
L201169,C100498,Consumer Durable,73862.3,36,14.68,Closed,2025-10-23
L201170,C100692,Personal,345139.66,12,12.6,Active,2026-04-09
L201171,C100268,Personal,159313.41,120,7.28,Closed,2025-09-27
L201172,C100395,Home,687564.58,12,18.77,Active,2026-05-28
L201173,C100706,Personal,133569.24,12,17.1,Delinquent,2025-11-09
L201174,C100632,Business,525074.92,180,12.71,Active,2026-05-23
L201175,C100070,Personal,61826.05,120,13.44,Active,2025-07-07
L201176,C100105,Business,206311.42,36,12.5,Delinquent,2026-03-07
L201177,C100255,Personal,49203.24,48,13.2,Closed,2025-11-25
L201178,C100233,Personal,41391.56,60,12.59,Closed,2026-01-29
L201179,C100249,Home,414006.96,24,15.81,Active,2025-10-20
L201180,C100125,Personal,138790.37,60,11.78,Active,2025-08-13
L201181,C100570,Home,569234.93,36,14.34,Active,2025-08-19
L201182,C100309,Business,710523.11,180,9.27,Active,2026-01-13
L201183,C100281,Business,267328.8,12,13.27,Closed,2025-08-26
L201184,C100272,Personal,125241.89,24,13.94,Default,2025-12-13
L201185,C100224,Consumer Durable,33424.0,24,10.11,Active,2026-05-04
L201186,C100374,Personal,184297.55,24,13.56,Default,2026-05-19
L201187,C100717,Education,451376.08,60,11.25,Active,2025-10-08
L201188,C100698,Business,255114.64,120,13.24,Active,2026-03-31
L201189,C100288,Personal,105416.57,120,14.27,Active,2025-07-20
L201190,C100169,Personal,187491.84,120,11.98,Closed,2026-06-29
L201191,C100533,Home,288237.51,12,14.01,Active,2025-11-17
L201192,C100412,Home,1223758.38,36,7.5,Active,2025-09-05
L201193,C100228,Business,352583.53,60,12.1,Active,2025-09-09
L201194,C100076,Auto,96172.04,48,10.49,Delinquent,2025-10-31
L201195,C100523,Education,293198.16,24,7.19,Delinquent,2026-05-18
L201196,C100500,Personal,118220.66,60,11.53,Delinquent,2026-03-18
L201197,C100267,Home,685028.22,60,12.09,Delinquent,2025-08-07
L201198,C100155,Auto,171851.77,24,13.19,Closed,2025-08-09
L201199,C100235,Home,494137.44,180,17.46,Active,2025-12-23
L201200,C100503,Business,1096706.96,60,12.28,Active,2026-05-04
L201201,C100792,Home,870067.96,120,9.84,Closed,2025-12-17
L201202,C100544,Home,2485495.48,12,8.85,Active,2025-08-07
L201203,C100306,Education,149561.97,48,12.57,Active,2026-01-08
L201204,C100662,Business,887680.94,36,10.79,Active,2025-11-22
L201205,C100628,Consumer Durable,58174.4,12,13.27,Delinquent,2025-09-26
L201206,C100396,Personal,125044.89,180,15.13,Active,2025-12-26
L201207,C100420,Home,1768483.75,36,11.14,Active,2026-04-06
L201208,C100131,Personal,442223.06,180,17.06,Closed,2025-11-07
L201209,C100010,Consumer Durable,90818.95,180,11.53,Active,2026-04-25
L201210,C100483,Home,461444.59,36,13.83,Delinquent,2025-09-26
L201211,C100522,Auto,138208.78,180,14.37,Closed,2025-12-01
L201212,C100321,Consumer Durable,308127.87,180,15.07,Active,2025-08-02
L201213,C100270,Home,521711.56,12,19.03,Active,2025-10-16
L201214,C100222,Consumer Durable,81151.96,60,12.16,Active,2026-01-08
L201215,C100370,Business,492937.3,180,16.73,Active,2026-05-12
L201216,C100704,Business,609593.5,60,10.77,Default,2025-07-31
L201217,C100318,Home,797179.34,24,15.73,Active,2025-12-20
L201218,C100629,Consumer Durable,42229.67,180,16.53,Active,2025-07-04
L201219,C100055,Auto,214739.56,60,14.35,Active,2025-08-19
L201220,C100252,Personal,154821.35,180,11.37,Active,2026-03-08
L201221,C100692,Personal,137774.92,120,10.67,Active,2026-02-20
L201222,C100031,Business,137440.36,180,18.61,Active,2026-01-07
L201223,C100066,Auto,89539.92,180,15.22,Active,2026-03-14
L201224,C100158,Home,1608451.4,120,11.24,Active,2025-08-24
L201225,C100799,Home,1553560.39,180,13.6,Closed,2025-12-05
L201226,C100444,Business,404520.49,24,13.25,Closed,2026-01-03
L201227,C100406,Personal,119681.24,36,13.56,Active,2025-07-13
L201228,C100473,Auto,288631.43,12,14.13,Closed,2026-03-16
L201229,C100034,Personal,47485.71,48,10.99,Active,2026-04-09
L201230,C100679,Consumer Durable,106308.79,60,17.27,Delinquent,2026-02-04
L201231,C100595,Personal,145794.63,48,13.48,Active,2026-03-09
L201232,C100517,Consumer Durable,73291.49,24,13.24,Closed,2025-09-06
L201233,C100650,Personal,135067.38,180,9.79,Closed,2026-06-24
L201234,C100071,Personal,191803.24,60,12.11,Active,2026-05-15
L201235,C100475,Home,1300136.56,120,11.51,Active,2025-09-07
L201236,C100520,Personal,98807.17,36,12.97,Closed,2025-10-05
L201237,C100594,Personal,181133.62,120,11.72,Active,2025-08-12
L201238,C100796,Education,202174.34,60,14.1,Delinquent,2025-10-01
L201239,C100726,Personal,26879.36,120,12.99,Delinquent,2025-11-27
L201240,C100588,Personal,150892.23,60,12.06,Closed,2025-07-25
L201241,C100720,Auto,594877.6,180,14.81,Active,2026-01-29
L201242,C100510,Personal,275382.47,180,14.89,Closed,2025-09-16
L201243,C100123,Auto,576155.91,12,21.11,Active,2026-04-07
L201244,C100601,Personal,83011.45,120,10.84,Closed,2025-11-08
L201245,C100053,Business,1014889.48,12,15.58,Closed,2025-10-18
L201246,C100045,Home,1732101.3,36,14.01,Active,2026-02-14
L201247,C100067,Auto,293850.18,36,14.6,Active,2026-06-09
L201248,C100057,Personal,82071.17,36,7.07,Active,2026-01-19
L201249,C100236,Auto,119484.45,120,7.0,Active,2026-03-25
L201250,C100312,Home,888024.35,180,12.5,Closed,2026-05-20
L201251,C100592,Home,679825.0,48,18.41,Delinquent,2025-12-06
L201252,C100676,Personal,236060.41,180,14.95,Active,2026-04-03
L201253,C100650,Personal,167822.71,180,11.99,Closed,2026-02-03
L201254,C100585,Education,142239.9,48,13.21,Active,2026-02-20
L201255,C100789,Education,302223.73,48,14.56,Closed,2026-03-24
L201256,C100408,Business,222415.2,180,9.2,Active,2026-03-14
L201257,C100706,Auto,420835.69,24,15.44,Active,2026-03-14
L201258,C100103,Personal,71004.31,12,9.92,Delinquent,2025-09-26
L201259,C100182,Education,144092.53,120,11.56,Closed,2025-08-18
L201260,C100228,Auto,197089.08,24,13.38,Active,2025-12-27
L201261,C100623,Home,1069966.49,48,11.4,Active,2025-12-11
L201262,C100385,Auto,161529.23,48,19.27,Default,2026-04-10
L201263,C100275,Personal,53551.42,180,13.8,Delinquent,2025-11-23
L201264,C100583,Business,880877.43,48,11.45,Active,2025-11-06
L201265,C100760,Home,241966.79,60,14.65,Closed,2026-04-15
L201266,C100042,Education,84767.32,60,15.33,Active,2026-02-25
L201267,C100462,Personal,181116.99,120,10.49,Active,2025-11-08
L201268,C100796,Business,451430.97,120,15.36,Closed,2026-01-24
L201269,C100611,Auto,337198.48,60,13.52,Active,2025-08-27
L201270,C100746,Auto,294100.48,120,8.78,Closed,2026-03-22
L201271,C100498,Home,738274.06,48,11.48,Written Off,2026-04-08
L201272,C100140,Auto,470496.68,60,14.99,Active,2026-01-02
L201273,C100484,Auto,151253.75,36,9.52,Active,2025-09-06
L201274,C100383,Business,407202.32,24,13.21,Default,2025-07-16
L201275,C100202,Business,515933.83,60,15.11,Closed,2025-10-08
L201276,C100120,Auto,303623.02,60,13.75,Active,2026-06-07
L201277,C100312,Auto,315256.69,60,7.0,Closed,2025-11-03
L201278,C100686,Consumer Durable,107544.99,120,16.74,Closed,2026-06-09
L201279,C100516,Personal,191480.8,48,11.83,Closed,2026-05-01
L201280,C100259,Home,492770.82,180,15.34,Active,2026-04-15
L201281,C100259,Personal,89835.21,12,12.94,Active,2026-01-18
L201282,C100133,Personal,73001.38,24,9.51,Active,2026-06-10
L201283,C100695,Personal,68575.6,48,12.1,Active,2025-10-17
L201284,C100160,Auto,1066177.29,180,7.77,Closed,2025-07-04
L201285,C100743,Personal,70154.3,180,11.81,Active,2026-05-02
L201286,C100729,Business,171770.99,120,17.35,Active,2026-03-15
L201287,C100249,Home,264687.12,120,11.24,Closed,2026-04-28
L201288,C100748,Business,144652.57,48,16.54,Active,2025-08-11
L201289,C100351,Personal,147715.27,60,10.29,Closed,2025-09-07
L201290,C100525,Home,304973.51,180,12.51,Active,2026-05-21
L201291,C100493,Personal,68392.62,12,15.17,Closed,2025-08-30
L201292,C100617,Personal,367430.93,48,13.76,Delinquent,2025-08-02
L201293,C100325,Personal,196147.9,48,17.07,Closed,2025-09-07
L201294,C100542,Home,568198.11,60,10.74,Active,2026-01-12
L201295,C100365,Personal,61609.1,12,18.61,Closed,2026-02-21
L201296,C100211,Business,102014.38,12,9.5,Active,2025-07-08
L201297,C100287,Personal,66224.84,12,11.85,Active,2025-09-26
L201298,C100672,Consumer Durable,65583.43,24,11.85,Active,2025-09-03
L201299,C100212,Home,448031.55,36,11.47,Active,2025-09-02
L201300,C100383,Personal,75030.84,180,10.44,Closed,2026-03-06
L201301,C100695,Home,721818.95,120,12.51,Delinquent,2025-12-14
L201302,C100627,Personal,149776.94,24,14.41,Active,2025-07-28
L201303,C100548,Auto,317645.74,12,7.64,Closed,2025-09-07
L201304,C100023,Auto,2109823.47,180,7.5,Closed,2026-01-20
L201305,C100547,Auto,390751.53,48,15.76,Active,2026-05-18
L201306,C100094,Personal,152449.09,180,13.32,Active,2025-09-01
L201307,C100268,Consumer Durable,63027.61,120,11.27,Closed,2025-09-06
L201308,C100518,Consumer Durable,90525.0,60,16.96,Active,2026-03-25
L201309,C100608,Consumer Durable,132879.65,48,16.52,Default,2025-09-28
L201310,C100121,Home,1726543.97,48,17.41,Active,2026-01-16
L201311,C100182,Personal,60849.67,24,9.93,Active,2026-01-31
L201312,C100666,Auto,419279.96,180,12.14,Active,2025-10-26
L201313,C100786,Business,240681.59,36,20.2,Active,2025-07-01
L201314,C100676,Consumer Durable,111844.0,60,14.77,Delinquent,2026-01-21
L201315,C100087,Consumer Durable,224779.8,180,13.83,Closed,2026-03-08
L201316,C100398,Personal,157208.74,60,14.97,Active,2025-09-18
L201317,C100246,Auto,177609.9,24,11.07,Active,2025-11-30
L201318,C100577,Personal,44476.75,180,7.0,Closed,2026-02-20
L201319,C100270,Consumer Durable,42341.85,60,12.07,Active,2025-12-03
L201320,C100429,Home,492326.56,12,12.35,Active,2026-02-03
L201321,C100728,Personal,279689.43,48,16.1,Active,2025-10-28
L201322,C100164,Personal,113974.1,36,16.76,Active,2026-04-22
L201323,C100477,Consumer Durable,30548.67,36,16.54,Closed,2026-01-24
L201324,C100383,Education,125984.36,120,10.65,Active,2025-11-29
L201325,C100762,Business,417849.83,36,7.0,Active,2026-04-23
L201326,C100236,Personal,50815.07,12,13.89,Closed,2026-01-24
L201327,C100283,Personal,108452.4,180,14.78,Delinquent,2026-02-18
L201328,C100019,Consumer Durable,69869.78,48,9.88,Active,2025-09-09
L201329,C100564,Personal,155110.09,24,14.76,Active,2026-03-19
L201330,C100171,Home,586262.39,180,13.79,Delinquent,2026-01-27
L201331,C100141,Auto,346772.55,24,11.25,Closed,2026-04-24
L201332,C100557,Education,600516.32,60,12.97,Delinquent,2026-01-31
L201333,C100350,Home,883391.54,48,13.32,Closed,2026-04-23
L201334,C100797,Auto,135585.1,180,9.16,Active,2025-08-27
L201335,C100103,Personal,95325.45,60,10.15,Closed,2025-08-12
L201336,C100677,Home,405017.55,12,8.39,Active,2025-07-22
L201337,C100030,Personal,212477.91,24,11.35,Delinquent,2025-12-01
L201338,C100321,Auto,909661.86,48,15.26,Written Off,2025-10-07
L201339,C100614,Personal,179944.63,120,12.22,Active,2026-02-15
L201340,C100560,Education,73549.6,180,8.58,Closed,2026-05-13
L201341,C100723,Auto,189110.66,24,12.76,Closed,2025-12-08
L201342,C100482,Personal,202127.15,24,13.4,Closed,2026-02-15
L201343,C100744,Consumer Durable,56531.49,48,15.66,Delinquent,2025-07-07
L201344,C100701,Auto,238521.62,60,15.54,Closed,2026-05-22
L201345,C100682,Personal,236937.12,36,12.59,Active,2025-07-19
L201346,C100621,Consumer Durable,109706.81,48,7.0,Active,2025-08-21
L201347,C100582,Personal,23395.16,36,11.59,Active,2025-08-05
L201348,C100288,Education,424978.99,48,18.08,Active,2025-12-25
L201349,C100369,Education,85173.56,60,8.73,Active,2026-01-10
L201350,C100370,Auto,416000.96,24,13.23,Delinquent,2026-06-24
L201351,C100574,Consumer Durable,82190.1,60,10.96,Active,2026-01-25
L201352,C100458,Consumer Durable,43780.22,60,12.17,Active,2025-10-26
L201353,C100313,Home,471373.66,12,17.19,Closed,2025-11-18
L201354,C100301,Personal,334043.39,24,13.09,Active,2025-07-19
L201355,C100762,Consumer Durable,60220.66,120,15.31,Closed,2025-11-22
L201356,C100547,Personal,124985.34,36,14.99,Closed,2025-07-03
L201357,C100192,Business,692039.67,24,10.72,Closed,2026-05-07
L201358,C100746,Auto,330596.45,36,14.83,Active,2026-01-27
L201359,C100213,Personal,234629.23,60,10.61,Active,2025-11-17
L201360,C100530,Business,665874.41,24,14.24,Delinquent,2026-01-04
L201361,C100320,Home,216209.9,48,14.68,Closed,2025-10-15
L201362,C100338,Home,695256.48,60,13.41,Active,2025-10-22
L201363,C100120,Auto,254090.87,120,11.39,Delinquent,2025-11-20
L201364,C100233,Auto,467550.54,24,9.99,Delinquent,2025-10-27
L201365,C100131,Home,1532561.41,120,14.64,Active,2025-10-19
L201366,C100645,Business,469218.8,60,12.97,Active,2025-09-23
L201367,C100595,Home,696365.01,24,15.8,Active,2025-10-09
L201368,C100054,Personal,215256.54,24,17.78,Closed,2026-03-23
L201369,C100063,Business,315940.1,180,10.71,Closed,2025-07-09
L201370,C100533,Consumer Durable,39672.14,60,18.86,Active,2026-03-27
L201371,C100244,Personal,263272.43,120,11.74,Active,2025-10-16
L201372,C100481,Education,68160.85,36,16.42,Closed,2026-04-25
L201373,C100303,Personal,103802.52,36,12.98,Active,2025-08-14
L201374,C100479,Personal,94310.93,12,15.39,Closed,2025-12-10
L201375,C100335,Education,138039.67,180,10.42,Active,2025-08-15
L201376,C100449,Consumer Durable,92034.52,24,14.4,Active,2026-06-08
L201377,C100160,Business,690680.87,24,19.72,Closed,2026-05-15
L201378,C100042,Home,532994.05,180,9.25,Delinquent,2025-09-16
L201379,C100321,Auto,678326.42,36,13.45,Active,2025-11-25
L201380,C100541,Personal,152033.16,180,12.24,Closed,2026-02-14
L201381,C100625,Personal,99749.05,120,12.52,Active,2026-01-15
L201382,C100380,Business,352908.27,24,15.27,Active,2025-07-26
L201383,C100101,Home,650834.5,48,13.78,Active,2026-06-11
L201384,C100059,Personal,27462.48,120,14.68,Delinquent,2026-05-29
L201385,C100630,Personal,78217.4,12,11.88,Closed,2026-01-27
L201386,C100287,Consumer Durable,118607.1,24,12.71,Default,2026-03-23
L201387,C100659,Education,81908.85,48,21.01,Active,2025-08-12
L201388,C100696,Consumer Durable,150415.97,12,8.57,Active,2025-07-25
L201389,C100127,Personal,110133.06,36,9.18,Delinquent,2025-08-17
L201390,C100321,Home,1405076.06,120,14.1,Closed,2025-11-29
L201391,C100718,Consumer Durable,42859.92,24,13.11,Active,2026-02-02
L201392,C100355,Home,553247.12,48,9.34,Closed,2025-10-26
L201393,C100252,Education,212330.61,24,12.48,Closed,2026-05-08
L201394,C100396,Auto,579370.76,48,12.14,Active,2025-07-04
L201395,C100443,Personal,50367.06,12,15.11,Active,2025-07-12
L201396,C100206,Auto,434577.54,12,14.36,Active,2026-05-21
L201397,C100748,Consumer Durable,58566.59,180,15.97,Active,2026-04-21
L201398,C100491,Auto,374919.73,12,12.23,Active,2025-09-24
L201399,C100024,Consumer Durable,40127.19,120,11.37,Default,2025-09-15
